caption,video_hd_url,video_preview_image_url,video_sd_url,watermarked_video_hd_url,watermarked_video_sd_url,start_date,end_date,title,text,page_like_count,post_url,cta_text,cta_type,days_since_start
,https://video-lhr8-2.xx.fbcdn.net/v/t42.1790-2/491580658_1019622023039888_9169861712220195695_n.?_nc_cat=106&ccb=1-7&_nc_sid=c53f8f&_nc_ohc=f2ILXZm_C8YQ7kNvwEiMhJa&_nc_oc=AdkJGMFLYCFW3Hv06ug3kM2b3W2kr3RsXHjPoaWDiNJPJKgCkvoDCPpDr-Y25hKC8_4egp6zX-Ss6SB0TvDbrzvh&_nc_zt=28&_nc_ht=video-lhr8-2.xx&_nc_gid=SpfjdeXNqk7fZweKWHkmfQ&oh=00_AfItM5G7eL730N83VrFn7ui5KVb4J0gh7tT7FhOs6C-uGQ&oe=6822A08E,https://scontent-lhr6-2.xx.fbcdn.net/v/t39.35426-6/493233066_9852811464783055_3393930419830293260_n.jpg?_nc_cat=104&ccb=1-7&_nc_sid=c53f8f&_nc_ohc=t3zL4c9yf9oQ7kNvwEgfsMS&_nc_oc=Adk9G5NcFSphBpLMsOx7uzcBmJeNZpn38cDvA9yvR7508sUM2JpJoSjdb_RXRohR2jOPg_eDM9Or78RMKKwVBtZp&_nc_zt=14&_nc_ht=scontent-lhr6-2.xx&_nc_gid=SpfjdeXNqk7fZweKWHkmfQ&oh=00_AfLcneFLwQb-dOBP4jaozF2cWPGVdWcKfHKVP1gCTTr5Lw&oe=682294A5,https://video-lhr6-1.xx.fbcdn.net/v/t42.1790-2/490788352_1191465125816266_5142455188910931913_n.mp4?_nc_cat=102&ccb=1-7&_nc_sid=c53f8f&_nc_ohc=9RIk30pDG5MQ7kNvwGhY5wf&_nc_oc=AdmPk6gI2_BEgGJKOLuS0kS0EKK-qTFNpnalUXAK9v3QzL9u8r0CmFJ9eeDtLCdcR4bTRQLeNczl4uuFIpzL5uGt&_nc_zt=28&_nc_ht=video-lhr6-1.xx&_nc_gid=SpfjdeXNqk7fZweKWHkmfQ&oh=00_AfIS-m7nlNalzTWe2UE8tPUQot3bDod_iFP8FhjZzZqFwA&oe=6822953D,,,2025-04-24 07:00:00,2025-05-08 07:00:00,From Gym to Sun ‚Äì Ultimate Comfort + UPF 50+ Built-In,"Gear up with Technosport ‚Äì For the Street & the Sweat!
UPF 50+ Protection |  Starting at ‚Çπ299

‚Çπ500 OFF with Influencer Code
Limited Time Offer ‚Äì Visit Now. Shop Now!",45878,"fbgeo://11.675192220538957,78.15200954675674,""Saraswathi Nursing Home, Ramakrishna Road, Salem, TN, India""",Get directions,GET_DIRECTIONS,14
,https://video.fpoa44-1.fna.fbcdn.net/v/t42.1790-2/491475239_676566915302546_1531526173112539326_n.?_nc_cat=101&ccb=1-7&_nc_sid=c53f8f&_nc_ohc=Kp_AgIMdbosQ7kNvwGtVq_c&_nc_oc=Adl53D-Q38pDAZyZuX7RVS1wzipnigAZDcxF0-mD2SDjcB_bo1KpYOg2j3B6SmQiNJQ&_nc_zt=28&_nc_ht=video.fpoa44-1.fna&_nc_gid=spdEaB2Lb0gw966KoBaCBA&oh=00_AfJUG21-YEnr7jQKUOwoxDNeogZhGIGgvxz4h3LU4ik4xw&oe=6822ACCC,https://scontent.fpoa44-1.fna.fbcdn.net/v/t39.35426-6/492716472_1344089493468031_3758181782001774669_n.jpg?_nc_cat=108&ccb=1-7&_nc_sid=c53f8f&_nc_ohc=i6Klcw1c8nQQ7kNvwG7LqcH&_nc_oc=AdlRRiTGZJCq4Jgzhn_tvltx7JL1va3g8W3Y7c43Lnw4ZPTkpkIB8AUVUZ4vOhfvRew&_nc_zt=14&_nc_ht=scontent.fpoa44-1.fna&_nc_gid=spdEaB2Lb0gw966KoBaCBA&oh=00_AfJbalB5VkaxXxP5yi5iOUCvxm5zie0_kGL_JV3gDle0eQ&oe=68227887,https://video.fpoa44-1.fna.fbcdn.net/v/t42.1790-2/440661356_340758132340371_1239098406164166217_n.mp4?_nc_cat=100&ccb=1-7&_nc_sid=c53f8f&_nc_ohc=ILKCH5HQHq0Q7kNvwEALef3&_nc_oc=AdnOLQPpzbS-Zglu1TTHs-_Qj_joyr0X3DSKkGrTG5r41QdDaHrAVasw144wT8YEqL4&_nc_zt=28&_nc_ht=video.fpoa44-1.fna&_nc_gid=spdEaB2Lb0gw966KoBaCBA&oh=00_AfLllFuGq5uapa7TT8MyE2dFxB_5r7_gmUbYqiXLexvQtA&oe=6822834F,,,2025-04-23 07:00:00,2025-05-07 07:00:00,Grab attention in style!,"Get your pack of 5 collar T-shirts with pocket RS for just RS 599!   üëï    ‚ú®  

Check it out, fam: You're getting a total steal. This is like buying five T-shirts that have pockets in them (which are pretty cool) and paying only half the price you would if you bought each one separately! It‚Äôs like they threw an extra zero on there by mistake or something.
#TShirt",1576,,Call now,CALL_NOW,14
hektor.in,https://video.fpoa44-1.fna.fbcdn.net/v/t42.1790-2/491492632_2444490605916783_3115254582265709608_n.?_nc_cat=108&ccb=1-7&_nc_sid=c53f8f&_nc_ohc=TE41XwQZQjQQ7kNvwEVBq-z&_nc_oc=AdncQqc-CpdzTtRlBIGfkmacYcsBTDdK67Mt2TIFUdzRDHm2YMyVR-7yPSTiQRG0H_g&_nc_zt=28&_nc_ht=video.fpoa44-1.fna&_nc_gid=spdEaB2Lb0gw966KoBaCBA&oh=00_AfIZ3XyUOIzizFKz0FC7t0zvy_Ma88WQIYwewnMmE-WzeA&oe=6822978A,https://scontent.fpoa44-1.fna.fbcdn.net/v/t39.35426-6/492385829_989332259980952_3049010735798165124_n.jpg?_nc_cat=107&ccb=1-7&_nc_sid=c53f8f&_nc_ohc=7nL1Eal3mkoQ7kNvwE0N9KC&_nc_oc=Adku0fU4KqU8q03Q0N17_RQj7StBd8qaUzhKgaxAckwv9griM2gaN_RIoVLMrjCZoj8&_nc_zt=14&_nc_ht=scontent.fpoa44-1.fna&_nc_gid=spdEaB2Lb0gw966KoBaCBA&oh=00_AfJ64wMmCSv9LNwhG020mKCjEcnEilw5Udd0n554fF8lAA&oe=68227F7D,https://video.fpoa44-1.fna.fbcdn.net/v/t42.1790-2/492304241_1341066230465304_1221107320333464808_n.mp4?_nc_cat=107&ccb=1-7&_nc_sid=c53f8f&_nc_ohc=wffktZH3h3UQ7kNvwHUIJek&_nc_oc=AdkVuc8q7dI7xlygJ9cHPpkGp5maHm5PXFJP4lf3EruqksivK4gMjiFoph7QL5sAfiI&_nc_zt=28&_nc_ht=video.fpoa44-1.fna&_nc_gid=spdEaB2Lb0gw966KoBaCBA&oh=00_AfIKlG1RMkz8MZtvpHsyFT09TTudr2OCKr2g05SOkW40zQ&oe=682291C3,,,2025-04-23 07:00:00,2025-05-08 07:00:00,"Effortless Style, Premium Comfort","Step into style with Hektor's premium polo t-shirts and shirts ‚Äî crafted with superior quality, tailored for comfort, and styled with unique designs that set you apart.
Premium wear now at surprisingly affordable prices",6,https://hektor.in/,Shop now,SHOP_NOW,15
hektor.in,https://video.fpoa44-1.fna.fbcdn.net/v/t42.1790-2/491492638_683768237363394_5024685650599518358_n.?_nc_cat=105&ccb=1-7&_nc_sid=c53f8f&_nc_ohc=OXJkYtRxxrgQ7kNvwFZIwPr&_nc_oc=AdlbkyxjhoTAgv-J_U4Z0KgLddv7ZMPA7vk9Ut6dmr7_0R9LScAKysz5-3a9VPEkTAk&_nc_zt=28&_nc_ht=video.fpoa44-1.fna&_nc_gid=spdEaB2Lb0gw966KoBaCBA&oh=00_AfLz_Do8I_jeYE1plUVhayIsPOCR3qX64G8U1YnXalBdMQ&oe=68228CB0,https://scontent.fpoa44-1.fna.fbcdn.net/v/t39.35426-6/493308352_675951311956673_7909783462229536493_n.jpg?_nc_cat=110&ccb=1-7&_nc_sid=c53f8f&_nc_ohc=F1Z8Sle0sWcQ7kNvwGURloC&_nc_oc=Adn1TQHt29TQg6c-Z7ub9pxqkzIzuT0ZN8dYRxOPidQ7C-B-c35mPviXOXJc_6hJzmM&_nc_zt=14&_nc_ht=scontent.fpoa44-1.fna&_nc_gid=spdEaB2Lb0gw966KoBaCBA&oh=00_AfLPZ5ownosNmZ_-zROrRPEdJhkcbb4r_cTwF4nbma4Vsg&oe=6822986E,https://video.fpoa44-1.fna.fbcdn.net/v/t42.1790-2/491476810_968595002154781_4868128876454800382_n.mp4?_nc_cat=100&ccb=1-7&_nc_sid=c53f8f&_nc_ohc=KLfrPnNdl0AQ7kNvwFQ5-zZ&_nc_oc=AdlDGwaH0gw-iEPmiYr5-lnblybEwUx1Q-WRdQdQ4b7tVY8z8FtJuqTilwg-6k6u8v4&_nc_zt=28&_nc_ht=video.fpoa44-1.fna&_nc_gid=spdEaB2Lb0gw966KoBaCBA&oh=00_AfJgU5QC8uaj4m0fTtu59Z-pWCKjGLxNhTMby2BlW85oVQ&oe=682296B1,,,2025-04-23 07:00:00,2025-05-08 07:00:00,"Effortless Style, Premium Comfort","Step into style with Hektor's premium polo t-shirts and shirts ‚Äî crafted with superior quality, tailored for comfort, and styled with unique designs that set you apart.
Premium wear now at surprisingly affordable prices",6,https://hektor.in/,Shop now,SHOP_NOW,15
instagram.com,https://video.fpoa44-1.fna.fbcdn.net/v/t42.1790-2/485052294_646693308295270_7277006849842535406_n.?_nc_cat=111&ccb=1-7&_nc_sid=c53f8f&_nc_ohc=ybg6Mpyo5uAQ7kNvwHTh904&_nc_oc=AdmmlD3_opIDNaYOuzOT4TLazrHuT9oZ36DveaZuqEmgTllLJux9DmjqAgfjF9e1T34&_nc_zt=28&_nc_ht=video.fpoa44-1.fna&_nc_gid=spdEaB2Lb0gw966KoBaCBA&oh=00_AfJXzge8uB9uGH0nXSMc7Cg9TdRWjDl0EHUMnOoz0SnmLA&oe=6822A5FE,https://scontent.fpoa44-1.fna.fbcdn.net/v/t39.35426-6/484809646_3102473529902277_7035211303234204413_n.jpg?_nc_cat=104&ccb=1-7&_nc_sid=c53f8f&_nc_ohc=W1W_RkADMWgQ7kNvwFnxyvp&_nc_oc=AdlLdNSFXpZ1YHH2ETfA0YXS4d_1k1TyB0cSMZkP9AfqfsvgPHalxANAJgv1YCUspZc&_nc_zt=14&_nc_ht=scontent.fpoa44-1.fna&_nc_gid=spdEaB2Lb0gw966KoBaCBA&oh=00_AfLQ89QLTVRm_2CXTdk0FXddqI_7PmyznjAORUBk-qTeiw&oe=6822818E,https://video.fpoa44-1.fna.fbcdn.net/v/t42.1790-2/484926947_646693318295269_2075588904888800334_n.?_nc_cat=105&ccb=1-7&_nc_sid=c53f8f&_nc_ohc=cFEHk4kwOgwQ7kNvwHVPOGg&_nc_oc=AdmFXXKiiWIeSL5zYQLmwxfSzGwEkj95ltpnivBRVIZpTnilgw2G52IezSLF5mmMtGs&_nc_zt=28&_nc_ht=video.fpoa44-1.fna&_nc_gid=spdEaB2Lb0gw966KoBaCBA&oh=00_AfKKqVQyo0xZ-dVbG6128y6pvfaM_vdpGeClZKQDlIHUKw&oe=6822AB0B,,,2025-04-23 07:00:00,2025-05-08 07:00:00,,100% Original Showroom Wale Brand Yaha Saste M Milege Visit Jarur Kariye,1465,http://instagram.com/tushitaclothingco_warehouse,Visit Instagram profile,VIEW_INSTAGRAM_PROFILE,15
www.bonheurkids.in,https://video.fpoa44-1.fna.fbcdn.net/v/t42.1790-2/491489637_708829325151162_8745941416287972731_n.?_nc_cat=111&ccb=1-7&_nc_sid=c53f8f&_nc_ohc=a1NRPV8X8qsQ7kNvwGUlNbF&_nc_oc=AdmiSh4E18z-xVGrbbwom6skN0Z29vwshmSZMEUu226cm-gzeUgTvw_li7L4p_MrD00&_nc_zt=28&_nc_ht=video.fpoa44-1.fna&_nc_gid=spdEaB2Lb0gw966KoBaCBA&oh=00_AfLIbwbdd2syPmekpzAluuvpJLsqgDko_h-mokUFQxxwyQ&oe=6822ABEE,https://scontent.fpoa44-1.fna.fbcdn.net/v/t39.35426-6/492232640_980942104210879_5852280111038885397_n.jpg?_nc_cat=108&ccb=1-7&_nc_sid=c53f8f&_nc_ohc=VKUyxlZvJEcQ7kNvwFxE7sb&_nc_oc=Adl_Rjp5tIIAg9rl_DT3gqufMrlku9soahq5fTR3TI-lcewzeIkqSFn8F7gZOn46yyI&_nc_zt=14&_nc_ht=scontent.fpoa44-1.fna&_nc_gid=spdEaB2Lb0gw966KoBaCBA&oh=00_AfIIx4hmrUrsAzjw_7UsJEVlgPz6ApMYfu-dRALc60bdeQ&oe=6822897E,https://video.fpoa44-1.fna.fbcdn.net/v/t42.1790-2/491573781_1853710662046393_5824705900318394445_n.mp4?_nc_cat=100&ccb=1-7&_nc_sid=c53f8f&_nc_ohc=NMUyo0vZGpkQ7kNvwHu5rsQ&_nc_oc=AdnIkPavwCyxTdf25khBbGN4GA69qefHVqvON-Gf0sAZRGy9YF9f8DixQz46vSYDMQ4&_nc_zt=28&_nc_ht=video.fpoa44-1.fna&_nc_gid=spdEaB2Lb0gw966KoBaCBA&oh=00_AfJzf6xMYIrrrghBGhrB7Zvu13Vtnz4OxD1jQpK5lVxb2g&oe=68227ABE,,,2025-04-21 07:00:00,2025-05-08 07:00:00,"Soft, Playful, and Stylish",Upgrade your kid's wardrobe with the perfect blend of comfort and chic! Shop our adorable polo dresses now! ‚ù§Ô∏è,221,https://www.bonheurkids.in/collections/polo-t-shirts?utm_source=fb&utm_medium=cpc&utm_campaign=ConversionsClothingPoloDresses&utm_content=ReelApr2025,Shop now,SHOP_NOW,17
steekstyle.com,https://video.fpoa44-1.fna.fbcdn.net/v/t42.1790-2/491487595_9596739187069314_6772556888835426513_n.?_nc_cat=103&ccb=1-7&_nc_sid=c53f8f&_nc_ohc=gShAWHP6OYAQ7kNvwHT1e-0&_nc_oc=Adm79DpZHRhiCYqU1e3lQhx3-q1V6Rwhv_9KU-mmOOv3e8GLFPYwxSsAWRPMp6PsF0k&_nc_zt=28&_nc_ht=video.fpoa44-1.fna&_nc_gid=spdEaB2Lb0gw966KoBaCBA&oh=00_AfKWGr0imUf1AEFNZxhDYgxdHDSI6gPXehz3dT6s3ZkKhg&oe=6822967A,https://scontent.fpoa44-1.fna.fbcdn.net/v/t39.35426-6/492008693_991883316400477_6012471070351474196_n.jpg?_nc_cat=109&ccb=1-7&_nc_sid=c53f8f&_nc_ohc=4y0dr5nuDJ4Q7kNvwF7sYIj&_nc_oc=AdmEsuKCgwkjmWMB9u7tjnZW1-2B_6rVocalD9vOID3ku33uvshQqK8j6qazuNwL3KQ&_nc_zt=14&_nc_ht=scontent.fpoa44-1.fna&_nc_gid=spdEaB2Lb0gw966KoBaCBA&oh=00_AfIfKk0q4pCBKa-tlSw8YZOYNyjPUeyhMMPYWRDuZZCPHg&oe=6822AB3D,https://video.fpoa44-1.fna.fbcdn.net/v/t42.1790-2/491553385_523468740833589_7076809402113296035_n.mp4?_nc_cat=111&ccb=1-7&_nc_sid=c53f8f&_nc_ohc=0BfGcIT3peMQ7kNvwEAqTSP&_nc_oc=AdkF3zK5VdrW1Ym4MjxdGvHOSlnjlgr8G3dbMaGY3jRBpAOtw9Cvj-pZeEGut7_lQ04&_nc_zt=28&_nc_ht=video.fpoa44-1.fna&_nc_gid=spdEaB2Lb0gw966KoBaCBA&oh=00_AfLXRsQhzHbGqTgE13co_d3byn7MQwI9lkEgWyHcPR-0Iw&oe=68227CB8,,,2025-04-22 07:00:00,2025-05-07 07:00:00,Perfect Plain T-Shirt,"Classic. Versatile. Timeless.

Upgrade your wardrobe with Men‚Äôs Polo T-Shirts in a range of colors! From bold hues to classic neutrals, find your perfect fit for any occasion.

‚úîÔ∏è Premium Cotton Comfort
‚úîÔ∏è Smart & Casual Style
‚úîÔ∏è Available in Multiple Colors

üõí Shop now & refresh your style!",265,https://steekstyle.com/collections/polo-t-shirts-1?utm_source={{site_source_name}}&utm_medium={{campaign.name}}&utm_campaign={{adset.name}}&utm_content={{ad.name}},Shop now,SHOP_NOW,15
steekstyle.com,https://video.fpoa44-1.fna.fbcdn.net/v/t42.1790-2/491521904_1735620764058278_2151217761409418404_n.?_nc_cat=104&ccb=1-7&_nc_sid=c53f8f&_nc_ohc=9pKMV_O4c0wQ7kNvwHQpgv7&_nc_oc=Adnm0k6ioP2sCG4WoDfNaqDsqAFYLIeILLFWImdiDm_ECZ8D0v8uECLV4ar2U7sZCqg&_nc_zt=28&_nc_ht=video.fpoa44-1.fna&_nc_gid=spdEaB2Lb0gw966KoBaCBA&oh=00_AfIba72Gd9s6eocPTb4QKw3gmATfO6RKxc2ZBe-2Vkui4w&oe=682289BD,https://scontent.fpoa44-1.fna.fbcdn.net/v/t39.35426-6/490992983_1919299395564552_4825661094937081488_n.jpg?_nc_cat=110&ccb=1-7&_nc_sid=c53f8f&_nc_ohc=vnOhRn-KhX8Q7kNvwH0UFbB&_nc_oc=Adl-NFyM-udb6ck5twqZIRIed270FXQRJYas1zLQ6SB3G14QZVWtJH2Dsf4SuFsEIZ4&_nc_zt=14&_nc_ht=scontent.fpoa44-1.fna&_nc_gid=spdEaB2Lb0gw966KoBaCBA&oh=00_AfJgpxmU-wKb9rLSpMmnCpKrsSkcqN3FZ6hUdMLEK-bmmg&oe=68228980,https://video.fpoa44-1.fna.fbcdn.net/v/t42.1790-2/484086079_587427347663464_2230029491106098164_n.mp4?_nc_cat=101&ccb=1-7&_nc_sid=c53f8f&_nc_ohc=ftB4bVELhVwQ7kNvwEDxxzy&_nc_oc=AdlsR43urBcNQb5EJLEBcWcp1ZDjhzWmaFMvY-7wHXfdxPbGGbc5jJLbGCEjC1h-b08&_nc_zt=28&_nc_ht=video.fpoa44-1.fna&_nc_gid=spdEaB2Lb0gw966KoBaCBA&oh=00_AfLuftIyt6of5vTHsC-ERm6KJm6pSiKC5upGffyFIWMbDg&oe=6822AAED,,,2025-04-23 07:00:00,2025-05-08 07:00:00,Perfect Polo -Shirt,"Classic. Versatile. Timeless.

Upgrade your wardrobe with Men‚Äôs Polo T-Shirts in a range of colors! From bold hues to classic neutrals, find your perfect fit for any occasion.

‚úîÔ∏è Premium Cotton Comfort
‚úîÔ∏è Smart & Casual Style
‚úîÔ∏è Available in Multiple Colors

üõí Shop now & refresh your style!",265,https://steekstyle.com/collections/polo-t-shirts-1?utm_source={{site_source_name}}&utm_medium={{campaign.name}}&utm_campaign={{adset.name}}&utm_content={{ad.name}},Shop now,SHOP_NOW,15
www.vellure.in,https://video.ftun20-1.fna.fbcdn.net/v/t42.1790-2/491053480_1182288956522570_217668098868970512_n.?_nc_cat=103&ccb=1-7&_nc_sid=c53f8f&_nc_ohc=LPKW-YG2c7sQ7kNvwHgwbH3&_nc_oc=AdnyIV7z9LLEqmalE3Z-6Qp74uWEBWWLcz4ok9w6Ulgii7ZdSdNPpcwDCz6D17oi_gs&_nc_zt=28&_nc_ht=video.ftun20-1.fna&_nc_gid=HY5xnfhf_7CjwTwAivj7Pg&oh=00_AfJCyM76UORymyfpeZ-5Aii5RpuTCz0PQ_5e6XSpJId_eQ&oe=6822771B,https://scontent.ftun20-1.fna.fbcdn.net/v/t39.35426-6/492500421_1842743966490715_2644577431279713043_n.jpg?_nc_cat=109&ccb=1-7&_nc_sid=c53f8f&_nc_ohc=IUeBX17CbAEQ7kNvwEMg3Vc&_nc_oc=AdkU7uTj1PFEZoN_kjtBK9vDrvoFqvCbI4oB2ytAUlDT0W6FxqyhteD43GUZXr4HP_4&_nc_zt=14&_nc_ht=scontent.ftun20-1.fna&_nc_gid=HY5xnfhf_7CjwTwAivj7Pg&oh=00_AfLKPrsPMpo9_sAq3eGK7rvWeI6m2RWxhRfDjJq8KxTgUg&oe=68229D55,https://video.ftun20-1.fna.fbcdn.net/v/t42.1790-2/491524896_1182288966522569_8218666084340053710_n.?_nc_cat=108&ccb=1-7&_nc_sid=c53f8f&_nc_ohc=gP9uEINbfCIQ7kNvwEwUUDb&_nc_oc=AdlM3LlT781aOa21EPnkxQjb_rJ-in5gL6HTc7z7ciFBJ7VrtJ7Mjc0klZGb02hWY0I&_nc_zt=28&_nc_ht=video.ftun20-1.fna&_nc_gid=HY5xnfhf_7CjwTwAivj7Pg&oh=00_AfLPfaxV0sk2oiqaNyyfYbYRNFYu6VDIdD9oQng7SbJQMA&oe=68229E03,,,2025-04-20 07:00:00,2025-05-07 07:00:00,,"Your search for summer polos ends here ‚Äî soft, breezy, and breathable. Just what your wardrobe needs this season.

[Vellure, Men Fashion, Linen Shirt, polo, Shirts, Men‚Äôs Wear]

#menswear #mensfashion #polo #vellure #oldmoneystyle #mensstyle #premiumshirts #ootd #trending #embroideredshirt",166,https://www.vellure.in/collections/old-money-knits,Shop now,SHOP_NOW,17
www.vellure.in,https://video.ftun20-1.fna.fbcdn.net/v/t42.1790-2/491581630_690028803712898_176260948014873050_n.?_nc_cat=106&ccb=1-7&_nc_sid=c53f8f&_nc_ohc=F-NfuoRg_EkQ7kNvwEsbBEN&_nc_oc=AdneQ_kWXX5_9De7TizMQLqMT7RSnBwtQGEaQxjPEMpYYMJpsrigbg6dQ-T71JB_UpM&_nc_zt=28&_nc_ht=video.ftun20-1.fna&_nc_gid=HY5xnfhf_7CjwTwAivj7Pg&oh=00_AfIaCus61uxehzNaVsOa62Tia-lLfBaoZ1SjRwEsZWQkoQ&oe=6822A259,https://scontent.ftun20-1.fna.fbcdn.net/v/t39.35426-6/492016696_687157374244039_7458365657020777598_n.jpg?_nc_cat=107&ccb=1-7&_nc_sid=c53f8f&_nc_ohc=q5wtS8tkumcQ7kNvwGh7yG9&_nc_oc=AdkkwIC6lwCuJC9i9ybtOHWnNi64xWTT1_SOLWp6MJvHx79aEevMsPRg4UdCSY-aQkU&_nc_zt=14&_nc_ht=scontent.ftun20-1.fna&_nc_gid=HY5xnfhf_7CjwTwAivj7Pg&oh=00_AfKrSx94EM-bPVdLu9O2HeSADxsB_sIUuPPTXzCmzyCnDQ&oe=682298EE,https://video.ftun20-1.fna.fbcdn.net/v/t42.1790-2/491484237_690028810379564_7894533641844950567_n.?_nc_cat=106&ccb=1-7&_nc_sid=c53f8f&_nc_ohc=8qkneyHf0M4Q7kNvwH33jaZ&_nc_oc=AdlM8_vH8BvFR5EPn90neAqGlllEbsIlj6luCQTH47Z_pKxgTL6MIvwaMqoIS5B9TQA&_nc_zt=28&_nc_ht=video.ftun20-1.fna&_nc_gid=HY5xnfhf_7CjwTwAivj7Pg&oh=00_AfIQGMfKV2APKME9-tKp8MAeoWWIAP0Bj9VIFRhBDQ_VRg&oe=682293CE,,,2025-04-20 07:00:00,2025-05-07 07:00:00,,"There‚Äôs something about a well-fitted polo
Tailored for the modern man who values comfort, class and confidence - our polo neck shirts are just perfect for you üòç

[Vellure, Men Fashion, Linen Shirt, Knitted Polo Shirts, Embroidered Shirts, Men‚Äôs Wear]

#vellure #menswear #mensfashion #linenshirt #knittedshirt #poloshirt #fashion #oldmoneystyle #mensstyle #premiumshirts #trending #embroideredshirt #explorepage #instagood",166,https://www.vellure.in/collections/old-money-knits,Shop now,SHOP_NOW,17
www.zodiaconline.com,https://video.ftun20-1.fna.fbcdn.net/v/t42.1790-2/491482029_1199027398388025_1534899005336078057_n.?_nc_cat=105&ccb=1-7&_nc_sid=c53f8f&_nc_ohc=DsiDgWXAHt0Q7kNvwFo_uG3&_nc_oc=AdnMUsGrVOxzAxPYmhxSYdojmqwLjhnzxAMNrJwTHjq152wiYokIZ5pcBvfTWcubouo&_nc_zt=28&_nc_ht=video.ftun20-1.fna&_nc_gid=HY5xnfhf_7CjwTwAivj7Pg&oh=00_AfK2CBT91d-DSjxGLz3Z8bjMGqcfncqDqj3cdLPbt01iYw&oe=6822AAAD,https://scontent.ftun20-1.fna.fbcdn.net/v/t39.35426-6/491898303_2050868858727470_7737042884093613538_n.jpg?_nc_cat=111&ccb=1-7&_nc_sid=c53f8f&_nc_ohc=tOjrrDS7VAoQ7kNvwGe9koj&_nc_oc=AdmZSvC1GMkSZZMChtzegUfWO0Afh6TjqrBn02cqMDxuZrGoj1CZXooKT_1S0TKSNzk&_nc_zt=14&_nc_ht=scontent.ftun20-1.fna&_nc_gid=HY5xnfhf_7CjwTwAivj7Pg&oh=00_AfJkzz_TuP4Z8mg2opKAX8SKR2O8WDM3AeAUPFqkt9l9yQ&oe=6822A7AA,https://video.ftun20-1.fna.fbcdn.net/v/t42.1790-2/491552291_9828127080577198_5827793425921254724_n.mp4?_nc_cat=104&ccb=1-7&_nc_sid=c53f8f&_nc_ohc=M9Vik_STd4UQ7kNvwHIxtpx&_nc_oc=AdmX4p1t59VEBzVviT_aIlWG6y-8se_TO0o0VhKTcYkmzgUaeEjZRylInLSrgFk9P_g&_nc_zt=28&_nc_ht=video.ftun20-1.fna&_nc_gid=HY5xnfhf_7CjwTwAivj7Pg&oh=00_AfKSa1tOqucLR_I5cEilxJ6qjCsmgA9QwWHwj4WDZU9YOQ&oe=682289EA,,,2025-04-20 07:00:00,2025-05-07 07:00:00,Super Soft Handfeel,Presenting Super Soft Polo T-Shirts Inspired By The Colours Of Summer On The Amalfi Coast.,175674,https://www.zodiaconline.com/z3-polo-garment-dyed-green-solid-tailored-fit-casual-cotton-t-shirt-13650-17745-co.html,Shop now,SHOP_NOW,17
https://www.underratedclub.com/collections/men-polo-t-shirts,https://video.ftun20-1.fna.fbcdn.net/v/t42.1790-2/491476584_1448284253019649_5032901076470765701_n.?_nc_cat=107&ccb=1-7&_nc_sid=c53f8f&_nc_ohc=-tPK2KOMHNgQ7kNvwG7clJW&_nc_oc=AdlvATO5LPmeCIsdHdvK8SCQ0sBxRcvZr-kJhoeP5R-VnWXf58-JLx5ibNbAbd7d3g0&_nc_zt=28&_nc_ht=video.ftun20-1.fna&_nc_gid=HY5xnfhf_7CjwTwAivj7Pg&oh=00_AfK8oDYsGZVxV4dJcYgviTqE59HVjFTqg2NMHVq8Xdpt9g&oe=6822989B,https://scontent.ftun20-1.fna.fbcdn.net/v/t39.35426-6/492227885_1831488587760014_2916639657627095969_n.jpg?_nc_cat=101&ccb=1-7&_nc_sid=c53f8f&_nc_ohc=Hoe1OBO-rLkQ7kNvwEiIsEH&_nc_oc=AdkukU2jVIipdqNfvIiHx7XVTRcq-bFzlJNgIQAbONQU7vrNGuSNhzjXCIoF9JNxghs&_nc_zt=14&_nc_ht=scontent.ftun20-1.fna&_nc_gid=HY5xnfhf_7CjwTwAivj7Pg&oh=00_AfLeq2mvKmhPOzx_GwWqeuXfppjqJRDOXc0W3n0D6cc2CA&oe=6822A42E,https://video.ftun20-1.fna.fbcdn.net/v/t42.1790-2/484304966_681601847710835_2117587626548913248_n.mp4?_nc_cat=111&ccb=1-7&_nc_sid=c53f8f&_nc_ohc=v4xCw7Dm3w0Q7kNvwErxJrO&_nc_oc=AdnvE082xCg9LOFA6eCdwL6lm_nJ0ZbYw2YL8XFYBjZO0aYvNxyXQhKcj_taA9nnzvw&_nc_zt=28&_nc_ht=video.ftun20-1.fna&_nc_gid=HY5xnfhf_7CjwTwAivj7Pg&oh=00_AfJ_6BhZNCpJF89rc1_TVjwXH_BjbTH3cnR1L4MaGXVDyA&oe=68227AE1,,,2025-04-17 07:00:00,2025-05-08 07:00:00,Free Shipping | COD Available,"Shop our long-sleeved polos for a smart-casual edge to your office fit. Stylish and comfy, these polos make their own rules!",125,https://www.underratedclub.com/collections/men-polo-t-shirts,Shop now,SHOP_NOW,21
www.myengyne.com,https://video.ftun20-1.fna.fbcdn.net/v/t42.1790-2/491488356_1062051529185547_9047563060958248611_n.?_nc_cat=109&ccb=1-7&_nc_sid=c53f8f&_nc_ohc=AY2mAA1TUmcQ7kNvwHsJ5Kd&_nc_oc=AdkuamrJNMEchN2DER80hd4rQ2rHfRuS3ud89RuTqxQNqhaJuo916xAdb6jHpyaJ-KI&_nc_zt=28&_nc_ht=video.ftun20-1.fna&_nc_gid=HY5xnfhf_7CjwTwAivj7Pg&oh=00_AfL6MS9MBOEYTG8n2izTQTRo52nRZ7uqlqahoFnYZgpleg&oe=68229E19,https://scontent.ftun20-1.fna.fbcdn.net/v/t39.35426-6/491721323_647749588049445_456496233164012241_n.jpg?_nc_cat=104&ccb=1-7&_nc_sid=c53f8f&_nc_ohc=Ub7rQQCyOWgQ7kNvwHM4orL&_nc_oc=AdkkmayP9AdBoMFHUM0Qdy1sIB6dZ57bSy4IjUsWIthvT7VtBp2EEQhL4xr8NK4zNJg&_nc_zt=14&_nc_ht=scontent.ftun20-1.fna&_nc_gid=HY5xnfhf_7CjwTwAivj7Pg&oh=00_AfLhA0P5vNhLwNeyNlL1OS_9d2rtNTfCgdBxtqwa8q01qg&oe=68229591,https://video.ftun20-1.fna.fbcdn.net/v/t42.1790-2/491509693_632839889739704_7699882857835759245_n.mp4?_nc_cat=101&ccb=1-7&_nc_sid=c53f8f&_nc_ohc=ku-hIisAi60Q7kNvwEK0E4W&_nc_oc=AdmXmRsXoapuEfveYXzNzehDuCv0-F2zqGHTh5EF26YYOm8P0KKCf_M0PJxb6F7kmMk&_nc_zt=28&_nc_ht=video.ftun20-1.fna&_nc_gid=HY5xnfhf_7CjwTwAivj7Pg&oh=00_AfLGvgvD9e998BSMATPaSEb1-NugpYrB6VZysuuei4U6kA&oe=68227503,,,2025-04-16 07:00:00,2025-05-05 07:00:00,"üíØ Sharp Looks, Unmatched Comfort","Elevate your style with MyEngyne Polo T-shirts ‚Äî
comfort, breathability, and timeless design in one.
üõí Shop Now. Level up your look.",4,https://www.myengyne.com/collections/polo-t-shirt,Shop now,SHOP_NOW,19
wrogn.com,https://video-atl3-2.xx.fbcdn.net/v/t42.1790-2/491466030_1351600032561353_4860350309265997966_n.?_nc_cat=111&ccb=1-7&_nc_sid=c53f8f&_nc_ohc=OZPr-81CaagQ7kNvwGK3Q0G&_nc_oc=AdnqWLVBATLy7h-mgtrB8INMw56Xjg02IfvSvzxxros5cNTjH7Y2sSM7Kpy-iz-1t4U&_nc_zt=28&_nc_ht=video-atl3-2.xx&_nc_gid=SVo7dqig0sI5Vc7PtMwPlg&oh=00_AfJzvDmJ-UpJEdNKS50rLcU3eJ4LQOFYMVsxBUCzXX44Pg&oe=682288A9,https://scontent-atl3-2.xx.fbcdn.net/v/t39.35426-6/490747487_978637987791216_4782034313354276779_n.jpg?_nc_cat=105&ccb=1-7&_nc_sid=c53f8f&_nc_ohc=V_quLwnwBKUQ7kNvwHHY9Kf&_nc_oc=Adm_7T2gdS5fqRqUqE_UM6KFMRh8Hn8Y3nqbfHtJ2uS3Ku4LMLyapTjYxBmS_pZO8ZM&_nc_zt=14&_nc_ht=scontent-atl3-2.xx&_nc_gid=SVo7dqig0sI5Vc7PtMwPlg&oh=00_AfKkrfquEAUew2lS_rQU3l-HRWI2DWPUDq8UGMNRTDowew&oe=682287AE,https://video-atl3-2.xx.fbcdn.net/v/t42.1790-2/491524750_1351600035894686_4526699576981916224_n.?_nc_cat=104&ccb=1-7&_nc_sid=c53f8f&_nc_ohc=mKr7-W9X37wQ7kNvwGPinWb&_nc_oc=AdkGjob_UPHUjZ8JCQ4xt7cfgbFaTCaP-78c0AV3C84j0fiVSdgtydphjLeUeNZY1lU&_nc_zt=28&_nc_ht=video-atl3-2.xx&_nc_gid=SVo7dqig0sI5Vc7PtMwPlg&oh=00_AfJAUXAI-shr9hVyJWTLQM12TOJujPhp0rmbCHIn_EXM-w&oe=68227A65,,,2025-04-15 07:00:00,2025-05-08 07:00:00,,"Texture, tone, and tailoring done right. 

#StayWrogn 
.
.
.
.
.
#poloshirts #poloneck #summeroutfits #minimaloutfits #oldmoneyfashion #menswear",33,https://wrogn.com/collections/polos,Shop now,SHOP_NOW,23
themanan.in,https://video-atl3-2.xx.fbcdn.net/v/t42.1790-2/491574639_1312469940051174_9210993869732180427_n.?_nc_cat=104&ccb=1-7&_nc_sid=c53f8f&_nc_ohc=_NrkE2oTNioQ7kNvwFL5zfe&_nc_oc=AdlYuhJVtw_-IeFmUETYbsHrX6lEV0B-V32JGNyJo4luf_TMFo-QibO-kNcGo77VDBE&_nc_zt=28&_nc_ht=video-atl3-2.xx&_nc_gid=SVo7dqig0sI5Vc7PtMwPlg&oh=00_AfKJ4KMgb9Co5HisvmXAHumVH8Yfq_IaEpxNj1d11iue2A&oe=682288A2,https://scontent-atl3-1.xx.fbcdn.net/v/t39.35426-6/490580913_582087138225117_8714473527093140093_n.jpg?_nc_cat=108&ccb=1-7&_nc_sid=c53f8f&_nc_ohc=U3SNiY44DrgQ7kNvwFek0No&_nc_oc=AdlhM0y4UwomOBMXfeMbjp5wE_vfuR9Rf7O7b8Me9i9x4a2MVaxGZIGJaJWHc61S7_4&_nc_zt=14&_nc_ht=scontent-atl3-1.xx&_nc_gid=SVo7dqig0sI5Vc7PtMwPlg&oh=00_AfJKS_mraa9AbOATxLYzLpb28FS-Ncl8TB2RBzq34N0URA&oe=6822853A,https://video-atl3-1.xx.fbcdn.net/v/t42.1790-2/490253940_4039644369626768_7872648043292506693_n.mp4?_nc_cat=110&ccb=1-7&_nc_sid=c53f8f&_nc_ohc=Pe8ziBHJPv0Q7kNvwHIkCBh&_nc_oc=Adm5jjnkArndu7-fPBB45Bi7s5oZ8noYvfTxwhxtCoJiFPJcaFjtP7uyBXDHvavKMbg&_nc_zt=28&_nc_ht=video-atl3-1.xx&_nc_gid=SVo7dqig0sI5Vc7PtMwPlg&oh=00_AfL23_1HYM2fCjg8WcsYDvJnXf6HqQkQK5Yq8_L_CTQ_rw&oe=6822AB2F,,,2025-04-13 07:00:00,2025-05-07 07:00:00,Polo T-shirts for Doctors,"Order here: üëâ https://themanan.in/pp üëà
üì¢ Attention, doctors! üë©‚Äç‚öïÔ∏èüë®‚Äç‚öïÔ∏è Upgrade your style with our exclusive personalized polo t-shirts made just for you.ü©∫ From surgeons to physios, dentists to dermatologists, homeopaths to veterinarians, we‚Äôve got every specialty covered.‚ö°",5609,https://themanan.in/collections/funny-definitions?utm_source=Meta+Ads&utm_medium={{adset.name}}&utm_campaign={{campaign.name}}&utm_content=PersPolo+13+Apr+2025,Shop now,SHOP_NOW,24
www.zodiaconline.com,https://video-lga3-1.xx.fbcdn.net/v/t42.1790-2/488360436_1140491611169602_6663044659784085682_n.?_nc_cat=102&ccb=1-7&_nc_sid=c53f8f&_nc_ohc=BmIWgmXJjQwQ7kNvwHFwmt5&_nc_oc=AdlAKxI1kqaGPb_JvTccWte6GB3tTjZZS6mTwjg9FGSFzslMAxBGvidNa0l3fZtQkxE&_nc_zt=28&_nc_ht=video-lga3-1.xx&_nc_gid=4Ut0pJ0I55llcYVMOXAMRQ&oh=00_AfIa5_aMQ9rQPA4HKea8Kgf_DWCl2N6jB17DnyBcy3jNoQ&oe=68229237,https://scontent-lga3-1.xx.fbcdn.net/v/t39.35426-6/489360433_674269528388493_15613878741799414_n.jpg?_nc_cat=111&ccb=1-7&_nc_sid=c53f8f&_nc_ohc=QE-7HoTH4ZoQ7kNvwG_IO8d&_nc_oc=Adl7fAx3mzaXuCATrzZdF3bQvD2GD8WLevrQ1Iqw28T0jEbuugfYhYxvzot-FmGNgyA&_nc_zt=14&_nc_ht=scontent-lga3-1.xx&_nc_gid=4Ut0pJ0I55llcYVMOXAMRQ&oh=00_AfIZA0D5njlfE_muO9OtSJJz3cs_j9U50oUUQQ5ANTUhFA&oe=68228AE2,https://video-lga3-2.xx.fbcdn.net/v/t42.1790-2/489609532_1853705375033976_2002374675777056305_n.mp4?_nc_cat=101&ccb=1-7&_nc_sid=c53f8f&_nc_ohc=BzRB_vSJW9YQ7kNvwFzyhFo&_nc_oc=AdkrIy5NxhvbGBnbHzu23izoewL86dLf5Q5F37D-234qRxQg0DUuE8aSFD_9MDooL6g&_nc_zt=28&_nc_ht=video-lga3-2.xx&_nc_gid=4Ut0pJ0I55llcYVMOXAMRQ&oh=00_AfJ_anhij5kixFPDz3OSjPh9P6A9NSur0G-QDUcPVPbnjA&oe=682279BF,,,2025-04-10 07:00:00,2025-05-08 07:00:00,Super Soft Handfeel,Presenting Super Soft Polo T-Shirts Inspired By The Colours Of Summer On The Amalfi Coast.,175674,https://www.zodiaconline.com/z3-polo-garment-dyed-sky-solid-tailored-fit-casual-cotton-t-shirt-13644-17715-co.html,Shop now,SHOP_NOW,28
www.zodiaconline.com,https://video-lga3-1.xx.fbcdn.net/v/t42.1790-2/488804295_1324534112167608_1016541737981410647_n.?_nc_cat=111&ccb=1-7&_nc_sid=c53f8f&_nc_ohc=v35N_QpfMjkQ7kNvwF8_Yd0&_nc_oc=AdlLQLYrWv8cgANs5UPpC2mEb28pJdVZfxfioPnzA_r3SHLUcYvQUk3phQlituLSWRk&_nc_zt=28&_nc_ht=video-lga3-1.xx&_nc_gid=4Ut0pJ0I55llcYVMOXAMRQ&oh=00_AfL6bJDawVDFToWXUCV3U9vX7iCIlub06aHS17KEtICJiA&oe=68228AF9,https://scontent-lga3-2.xx.fbcdn.net/v/t39.35426-6/490512301_600412369683643_6257286114450992159_n.jpg?_nc_cat=100&ccb=1-7&_nc_sid=c53f8f&_nc_ohc=COjtInoyWbkQ7kNvwF_myXe&_nc_oc=Adnltu9bqwYmJTf7N3YM3ZgjpkD3wHMWG2VZfMCd7IRmTH7uq9HXWnO8GJu43fVEA7I&_nc_zt=14&_nc_ht=scontent-lga3-2.xx&_nc_gid=4Ut0pJ0I55llcYVMOXAMRQ&oh=00_AfKrASB2g8k6djt8PSY4o5X0q2qGwHAykq1IuHBY0UCeww&oe=68228822,https://video-lga3-2.xx.fbcdn.net/v/t42.1790-2/488161928_1044158557558574_1348773032599876470_n.mp4?_nc_cat=109&ccb=1-7&_nc_sid=c53f8f&_nc_ohc=8_VCDDS1KMUQ7kNvwHEU5BJ&_nc_oc=AdnE7guJBcvwCekYFEHzo1wNT-X5fQXOXNC0WhgJSUgrghg0fDPblvveYx0vrYSaOFI&_nc_zt=28&_nc_ht=video-lga3-2.xx&_nc_gid=4Ut0pJ0I55llcYVMOXAMRQ&oh=00_AfLPwa76QKumbSXN_dp8iACqaKilxCFNPxadpOlRZlWo8w&oe=68227B77,,,2025-04-10 07:00:00,2025-05-07 07:00:00,Super Soft Handfeel,Presenting Super Soft Polo T-Shirts Inspired By The Colours Of Summer On The Amalfi Coast.,175674,https://www.zodiaconline.com/z3-polo-garment-dyed-sea-green-solid-tailored-fit-casual-cotton-t-shirt-13645-17720-co.html,Shop now,SHOP_NOW,27
sensesindia.in,https://video-lga3-2.xx.fbcdn.net/v/t42.1790-2/479497594_1326670001815921_1739624684672796398_n.?_nc_cat=101&ccb=1-7&_nc_sid=c53f8f&_nc_ohc=2XeEQq2UwS4Q7kNvwFzRsfu&_nc_oc=AdmbUC7E3YPPXTd_e5Lzzv9CWeSCSYKaOeVd5OJJbW7vST1hRkMP-B12tQRSZc72B_Y&_nc_zt=28&_nc_ht=video-lga3-2.xx&_nc_gid=4Ut0pJ0I55llcYVMOXAMRQ&oh=00_AfI7lhZ1ZO6sPKqp0aWfnw6u9TWEEBYHJ0ZMhODMSLGX-Q&oe=68229939,https://scontent-lga3-2.xx.fbcdn.net/v/t39.35426-6/480295299_1774111563537620_879337767212550281_n.jpg?_nc_cat=100&ccb=1-7&_nc_sid=c53f8f&_nc_ohc=5mFCXLk9xUkQ7kNvwGLRmHG&_nc_oc=Adnt_1Bd7G6r6juNHUpEHpUO-5194176m3AEjY6XhnEJoiZIXdnbeKtuSTEfKHfFXiA&_nc_zt=14&_nc_ht=scontent-lga3-2.xx&_nc_gid=4Ut0pJ0I55llcYVMOXAMRQ&oh=00_AfJ7L5-TSWNaqqGw1tXDQUkMLr0z4CGPylFtZlewppgI5A&oe=68227B8D,https://video-lga3-2.xx.fbcdn.net/v/t42.1790-2/469992670_3576823839117429_7213112879321112027_n.mp4?_nc_cat=101&ccb=1-7&_nc_sid=c53f8f&_nc_ohc=GcrVV5bGSo8Q7kNvwHwBssY&_nc_oc=AdnN35ELourTZxUzhS_iwkP3PMGT3dreHmIZEsEHpVVw-38nI6jvFSeZ4qzxJcNi7_w&_nc_zt=28&_nc_ht=video-lga3-2.xx&_nc_gid=4Ut0pJ0I55llcYVMOXAMRQ&oh=00_AfJP7kc5Wyop7XRCEYhvPPbMY3WnIgiPjrDkX-1ECDP8kQ&oe=682288D4,,,2025-04-08 07:00:00,2025-05-08 07:00:00,‚≠êÔ∏è Get 10% OFF | Code: GET10,"Struggling to find the perfect wardrobe essentials that look sharp, feel great, and fit every occasion? üò©

Don‚Äôt settle for clothes that compromise on quality, style, or comfort. üö´üëï

Explore Senses India's exclusive collection of Polos, Shirts, and Tees üëî‚ú®‚Äîcrafted with precision and premium fabrics for a fit and feel that redefines everyday fashion. üíØ

üî• Get 10% OFF on your first order with code NEW10.

Shop Now üëâüèº www.sensesindia.in",595,https://sensesindia.in/collections/polo?filter.v.price.gte=0&filter.v.price.lte=2%2C499&filter.v.availability=1&sort_by=best-selling,Shop now,SHOP_NOW,30
sensesindia.in,https://video-man2-1.xx.fbcdn.net/v/t42.1790-2/482126238_1328326081617017_5550045337879315932_n.?_nc_cat=106&ccb=1-7&_nc_sid=c53f8f&_nc_ohc=qatFjV1F-8QQ7kNvwEkUmHI&_nc_oc=AdkuY1kNt-WMOyW-oTknUYxqvFi-a6RUG5XuVkeMxo7RMt8AYfkjUG_RjrMhnn8rKSY&_nc_zt=28&_nc_ht=video-man2-1.xx&_nc_gid=wveTzbaEsPTsVknmWof81A&oh=00_AfIEI9yAD4MVuJssZ-9FMu954s-IyvLtn-frX3u1vmZInw&oe=68227E0D,https://scontent-man2-1.xx.fbcdn.net/v/t39.35426-6/481078513_1383842075934943_3073092852318062034_n.jpg?_nc_cat=111&ccb=1-7&_nc_sid=c53f8f&_nc_ohc=BeXmPDEEN6gQ7kNvwFSopux&_nc_oc=AdlpN1mBmFwHYLFCd0L9hH6SJ4Fq7LdOgZNP-VgRpCuu7xsMxNd3JTUMf5V1f1ZsrwA&_nc_zt=14&_nc_ht=scontent-man2-1.xx&_nc_gid=wveTzbaEsPTsVknmWof81A&oh=00_AfIEyiEeHpdtI8cdE1LDIdLE9WTeqXPbjkTs562hact56A&oe=6822978E,https://video-man2-1.xx.fbcdn.net/v/t42.1790-2/477278978_1323061945503893_1160459199612107158_n.mp4?_nc_cat=104&ccb=1-7&_nc_sid=c53f8f&_nc_ohc=N-hJGMoEtbQQ7kNvwEgHMLr&_nc_oc=Adl88vEsIMkhU6_4yFsWO2xBAvTxQm0gPwwKa3yNlYskrWc-Ifbf_qLln66y_6Mu_Hs&_nc_zt=28&_nc_ht=video-man2-1.xx&_nc_gid=wveTzbaEsPTsVknmWof81A&oh=00_AfLyFpYaiLVOcyi5X2FVAIVpYkXDO_UygZJNSj9rQZUTsA&oe=6822A167,,,2025-04-08 07:00:00,2025-05-08 07:00:00,,"From the polo fields to the boardrooms, the Polo T-shirt has always been a symbol of class. And when it comes to mastering this icon, @senses.india does it best! ‚ú®
With premium fabrics, impeccable fits, and timeless style‚Äîthis is the Polo Redefined.

Which fabric would you pick? üßê Let me know in the comments!

#LevelUpYourStyle #SensesPolo #PoloTShirt #LuxuryWear #MensStyle #SmartCasual #DadBodFriendly #TimelessFashion #MensWardrobe #PremiumBasics #PoloPerfection

[Polo T-shirt, classic menswear, premium fabrics, luxury polos, men‚Äôs fashion, entrepreneur style, smart casual wear, versatile fashion, wardrobe essentials, stylish comfort.]",0,https://sensesindia.in/collections/polos,Shop now,SHOP_NOW,30
www.vellure.in,https://video-man2-1.xx.fbcdn.net/v/t42.1790-2/471982533_949731117115339_4971662265081199737_n.?_nc_cat=107&ccb=1-7&_nc_sid=c53f8f&_nc_ohc=VaqSXg7Gj8AQ7kNvwFhGv1P&_nc_oc=AdlXc8YuAFA2ykB8hzzBFQXSjxpvWk73OEiKekx1AHRXuWTdiev6OVaDU72O0RXFLO4&_nc_zt=28&_nc_ht=video-man2-1.xx&_nc_gid=wveTzbaEsPTsVknmWof81A&oh=00_AfJI_zlq_oBC0pqcPEjHk6fL-pKrJeCIoMq_YWu0Mv6vuw&oe=68229640,https://scontent-man2-1.xx.fbcdn.net/v/t39.35426-6/472669703_1706777679883732_7512889891534601387_n.jpg?_nc_cat=104&ccb=1-7&_nc_sid=c53f8f&_nc_ohc=LlJl2wtQYvEQ7kNvwGICbgf&_nc_oc=AdnKtUnpgtX3e5TuSzGt5U5olkcvfpmeO1D4e92HOXX6xJD9NhtBzdbiDzhB4ZsRomU&_nc_zt=14&_nc_ht=scontent-man2-1.xx&_nc_gid=wveTzbaEsPTsVknmWof81A&oh=00_AfJ2jBtSKhkg3Bx6pQaw5FekAJnOY0MIWm-YOxSubJ1iUA&oe=682298C5,https://video-man2-1.xx.fbcdn.net/v/t42.1790-2/472073433_1273772913916667_3032002517412988037_n.mp4?_nc_cat=107&ccb=1-7&_nc_sid=c53f8f&_nc_ohc=HZ4wXNnKTmcQ7kNvwGVit57&_nc_oc=AdkgUdq1Y86MWRtp_fT_-8wt9dE7I57xuxlUl97ljKS1CK-nS35rj4BY-l5qkpRVlpA&_nc_zt=28&_nc_ht=video-man2-1.xx&_nc_gid=wveTzbaEsPTsVknmWof81A&oh=00_AfITgViAaLF5yGoUyzC_K1hjkjphKWv3FcmWemF1X8KUCg&oe=68227E0D,,,2025-04-05 07:00:00,2025-05-07 07:00:00,,"No, no, no‚Ä¶ listen up! These Johnny Knit Polos are too good to miss. 

Tell us‚Äîare you team Black or team Blue?

#unboxing #poloshirt #classicpolo #casual-wear#everydaywear #mensfashion 

[unboxing, polo, polo shirts, linen shirts, menswear, casual wear]",166,https://www.vellure.in/collections/old-money-knits,Shop now,SHOP_NOW,32
play.google.com,https://video-man2-1.xx.fbcdn.net/v/t42.1790-2/488189422_1048808640478301_5791099001014364804_n.?_nc_cat=109&ccb=1-7&_nc_sid=c53f8f&_nc_ohc=KpccjLI83NMQ7kNvwH0pbNj&_nc_oc=AdlCZN0Xzq4otq1YLPrm-HIetfE53ZE4RXtrU_lx0uhoddl_eTDbCy3IGIJEtZoT9kQ&_nc_zt=28&_nc_ht=video-man2-1.xx&_nc_gid=wveTzbaEsPTsVknmWof81A&oh=00_AfK8klKtQZa1FjGmZKMSscVWoYktH2FOsV6xNtDuoWrJHQ&oe=6822AA87,https://scontent-man2-1.xx.fbcdn.net/v/t39.35426-6/488601690_9333456626775633_6909081476020946100_n.jpg?_nc_cat=101&ccb=1-7&_nc_sid=c53f8f&_nc_ohc=U3ggfTK4aY4Q7kNvwFlTiLf&_nc_oc=Adnaa8K01VP_lB-a_jnqlfwDp8LXLfjl3bZrzXPtXJKaU5aYvC8BbT66QQCHBiPHxJU&_nc_zt=14&_nc_ht=scontent-man2-1.xx&_nc_gid=wveTzbaEsPTsVknmWof81A&oh=00_AfIrMHQEX8EWqD5qrDd-gKwQU7VtGuh95gEnYEk5flGrNA&oe=6822A0F3,https://video-man2-1.xx.fbcdn.net/v/t42.1790-2/476086806_936462511966299_7470269289779916748_n.mp4?_nc_cat=103&ccb=1-7&_nc_sid=c53f8f&_nc_ohc=HeUfWBvPNA8Q7kNvwESAkR3&_nc_oc=AdnDbHTPHzuVqT2Ebe6qS_KQy8J_o_F7XPG6C_N3mSpU_COCm11KfUgvvatzf_EwJUI&_nc_zt=28&_nc_ht=video-man2-1.xx&_nc_gid=wveTzbaEsPTsVknmWof81A&oh=00_AfLKrhWNywEH7u2mvLc_R-h4Q5fn6wmFiGfH7kpT28kj2w&oe=68227A02,,,2025-04-04 07:00:00,2025-05-08 07:00:00,,"Comment "" Link "" for instant Dms¬†

.

.

.

.

Premium quality #tshirts
#Shirts #shoes #sweatshirt
#sneakers
#pants
#trousers
#men
#mensstyle
.

#meesho #meeshofinds #hoodies #sweatshirt #sweater #winter #trending #meeshohaul #meeshofashion #meeshoshopping #meeshoproducts #polotshirt #polo #tshirt #explore #shopping #oldmoneyaestheticoutfits #oldmoney #oldmoneystyle #oldmoneyfashion",0,http://play.google.com/store/apps/details?id=com.meesho.supply,Shop now,SHOP_NOW,34
,https://video-man2-1.xx.fbcdn.net/v/t42.1790-2/488529498_1371144527215927_6373791092087205361_n.?_nc_cat=101&ccb=1-7&_nc_sid=c53f8f&_nc_ohc=oTdzFNTfY9EQ7kNvwGnuQmY&_nc_oc=AdmlZwlxJGIbSy7n4EZXe3OorhChOc_h_2WUVTM26v0mReacW6PW0EpfBD1YRLpZt5Q&_nc_zt=28&_nc_ht=video-man2-1.xx&_nc_gid=wveTzbaEsPTsVknmWof81A&oh=00_AfKaQSiCnO7hLlaHgoBB6SdkpgB5bsGItloDdIOj46j7dA&oe=6822920C,https://scontent-man2-1.xx.fbcdn.net/v/t39.35426-6/487886183_1031743585090905_2227487850582407824_n.jpg?_nc_cat=105&ccb=1-7&_nc_sid=c53f8f&_nc_ohc=35tGh2P7-AoQ7kNvwESBy2-&_nc_oc=Adnugy2NJESslH98lyO4W9gLh5y8CAf1MTZuv5n9WUChUZ_P5RssxHBsRjUkfU9ksSI&_nc_zt=14&_nc_ht=scontent-man2-1.xx&_nc_gid=wveTzbaEsPTsVknmWof81A&oh=00_AfJPqMNd9VdTOImsdCyNNGc3dHhufrFrcHfX5IxpkwpQ3Q&oe=682291F0,https://video-man2-1.xx.fbcdn.net/v/t42.1790-2/453961396_892614462700144_1240596204361825170_n.mp4?_nc_cat=106&ccb=1-7&_nc_sid=c53f8f&_nc_ohc=XSpoj_aNAqAQ7kNvwHQlweC&_nc_oc=AdkWLygjgOdXKohkCHU0y_tzsNZEm4b9ZF2eOdg_6XNKgMrqKEfcs236BMEHUD0lHy0&_nc_zt=28&_nc_ht=video-man2-1.xx&_nc_gid=wveTzbaEsPTsVknmWof81A&oh=00_AfKHVdWONl8O3K-pN4sKsBTruAnooKGmQvP5_6RXLkZRDw&oe=6822A77D,,,2025-04-02 07:00:00,2025-05-07 07:00:00,5 ‡™ï‡´ã‡™≤‡™∞ ‡™ü‡´Ä-‡™∂‡™∞‡´ç‡™ü @599/- üëï,"‡™™‡´á‡™ï ‡™ì‡™´ 5 ‡™ï‡´ã‡™≤‡™∞ ‡™ü‡´Ä-‡™∂‡™∞‡´ç‡™ü ‡™™‡´ã‡™ï‡´á‡™ü ‡™∏‡™æ‡™•‡´á @599/- ‡™Æ‡™æ‡™§‡´ç‡™∞! üëïüíº ‡™Æ‡™ø‡™∏ ‡™® ‡™ï‡™∞‡™∂‡´ã, ‡™Ü‡™ú‡´á ‡™ú ‡™ñ‡™∞‡´Ä‡™¶‡´Ä ‡™ï‡™∞‡´ã! üõí‚ú®",5641,,Call now,CALL_NOW,35
maxzoneclothing.com,https://video-hou1-1.xx.fbcdn.net/v/t42.1790-2/488225034_626870956911876_5819895604009749317_n.?_nc_cat=111&ccb=1-7&_nc_sid=c53f8f&_nc_ohc=nVC4-LpntpkQ7kNvwHKec0N&_nc_oc=AdnAW-G1wYUM3hUslIRXqdGjm2RCP6mRNLDkHP8pTa_Pgve3Gci8R9jGAvOv2xmLm8hWW7gkv8CH7e7pgB_ZwVtq&_nc_zt=28&_nc_ht=video-hou1-1.xx&_nc_gid=YDCP9wm3Gr2N4ie5x1T-PQ&oh=00_AfIxTg4qPFCnowexqZF42O8BUZmP-HTI618c6kM0102d_w&oe=68229A2A,https://scontent-hou1-1.xx.fbcdn.net/v/t39.35426-6/487311690_1394993418324102_8460419989484650702_n.jpg?_nc_cat=109&ccb=1-7&_nc_sid=c53f8f&_nc_ohc=e14n7V2ahfUQ7kNvwFd4s4z&_nc_oc=Adm2vTJTUv_Edygg5fbynxUkvhWfHFy76KxbrXVxb7n1zF-BHRiei2xp7fuhpx1EvrNwHTkJZw7Vg78lXSQe6RRa&_nc_zt=14&_nc_ht=scontent-hou1-1.xx&_nc_gid=YDCP9wm3Gr2N4ie5x1T-PQ&oh=00_AfJSZU8XqxmpqK4aD9fN-cm2_f-6gPZNsRqpWL9x8bHshg&oe=6822ABC1,https://video-hou1-1.xx.fbcdn.net/v/t42.1790-2/471809810_1121548319378842_6984632446497776754_n.mp4?_nc_cat=105&ccb=1-7&_nc_sid=c53f8f&_nc_ohc=WMN4JdhzzpQQ7kNvwFBDfxm&_nc_oc=AdlHlgF9zu3wRezvYnfRCXjF-9MZK0rSDEG9JBOu5cFA_rum2CNMMPf1onIPAYGH0r1BCiN9JREsWiRhUaQwzeIW&_nc_zt=28&_nc_ht=video-hou1-1.xx&_nc_gid=YDCP9wm3Gr2N4ie5x1T-PQ&oh=00_AfLQgUMKuciWCksm5s3mQ5RMJeS2HNHnwqmVQA2Lj-n7Fg&oe=68227DB7,,,2025-03-30 07:00:00,2025-05-08 07:00:00,,"Aesthetically fine old money polos 

Price :  1199/- 
Fabric : British knit 
Maxzoneclothing.com 

#maxzone #maxzoneclothing #productreview #mansfashion #tshirtbrand",126587,https://maxzoneclothing.com/collections/old-money-polo,Shop now,SHOP_NOW,39
www.vellure.in,https://video-hou1-1.xx.fbcdn.net/v/t42.1790-2/487563756_607562989110282_4528464625431757118_n.?_nc_cat=103&ccb=1-7&_nc_sid=c53f8f&_nc_ohc=T7W7diA4HkEQ7kNvwGFOz1d&_nc_oc=AdlbFLy9pnd-ZcUV4KLsOpEYE4hqZc_UFztEqufb1TNPiP7WB-2fvO05TdkrlG87gouKLbNPy19TO8K8QF2bK6wU&_nc_zt=28&_nc_ht=video-hou1-1.xx&_nc_gid=YDCP9wm3Gr2N4ie5x1T-PQ&oh=00_AfI52pbwMZtBh7BxiyuEpz0DNCqQkpv7whNBRFbkHEL33w&oe=682297CF,https://scontent-hou1-1.xx.fbcdn.net/v/t39.35426-6/486955214_3934463393480351_7475461414911868238_n.jpg?_nc_cat=110&ccb=1-7&_nc_sid=c53f8f&_nc_ohc=8N_lKiPyLzsQ7kNvwF0miT1&_nc_oc=AdnoSjRUG9FmJQVq-3a3sufWHgWzgHbWKIngFo6YYZggToT2yoZYmZMlVPTJQA8zsxkfM01kx5ZT1nAJpC7Uh473&_nc_zt=14&_nc_ht=scontent-hou1-1.xx&_nc_gid=YDCP9wm3Gr2N4ie5x1T-PQ&oh=00_AfJAwZp6z7O-BZKDOyqhsnTH4o9M8pVsGd9N6q3qr9UVXg&oe=682275ED,https://video-hou1-1.xx.fbcdn.net/v/t42.1790-2/487311831_607562992443615_6557875563367226660_n.?_nc_cat=101&ccb=1-7&_nc_sid=c53f8f&_nc_ohc=UYsQQuGqmAcQ7kNvwFQP6B_&_nc_oc=AdmxCsMYAKCxuCRJ_TZSWaweqm0TK478OtG5DlICsHEeUOhdaLntQDyYVENzpy2qUPD8gD1U7NUW922WkGirLgbC&_nc_zt=28&_nc_ht=video-hou1-1.xx&_nc_gid=YDCP9wm3Gr2N4ie5x1T-PQ&oh=00_AfJZLxLxCTU5Jg2fXvjm2VKLqtZZsTPKtDh4I79GvDzpCw&oe=68227D84,,,2025-03-29 07:00:00,2025-05-07 07:00:00,,"From daily brews to daily fits‚ÄîVinay, founder of White Eye Cafe, swears by Vellure for unmatched comfort & style.  Some things just become a part of you!

[vellure, menswear, embroidery, everyday essentials, best sellers, Summer essentials, polo ]

#vellure #menstyle #shirt #embroidery #premiumshirt #oldmoneystyle #summeressential #bestseller #polo",166,https://www.vellure.in/collections/product-page,Shop now,SHOP_NOW,39
www.zodiaconline.com,https://video-hou1-1.xx.fbcdn.net/v/t42.1790-2/486809993_1317069949517981_9138049262810235736_n.?_nc_cat=110&ccb=1-7&_nc_sid=c53f8f&_nc_ohc=MWo0MX8PtXkQ7kNvwHGhaBc&_nc_oc=Adks1whhDEC0UTRt00ftcCPxOTeJ81WxmKDOkx2d7MrrEYsJmm9VR7hhND-2OUIJnJZdF6CtKRKtM6EqJ1OeX6jx&_nc_zt=28&_nc_ht=video-hou1-1.xx&_nc_gid=YDCP9wm3Gr2N4ie5x1T-PQ&oh=00_AfIZaGdJIjXtDt3SV9ZMjEVuUNtik4yofqNmXRrSRQkFvA&oe=68229A7B,https://scontent-hou1-1.xx.fbcdn.net/v/t39.35426-6/487299578_1588501118502838_1117525357315633007_n.jpg?_nc_cat=109&ccb=1-7&_nc_sid=c53f8f&_nc_ohc=uesY7qynxeAQ7kNvwH0m-TD&_nc_oc=Adl9ict3PqM4bnPF7ueyITuOHatZ2PY8U6-LS67SMJiqs8h7nl_I-vFrJJbDtufGcFS_I3uv5hBom_b2SGuL28Rp&_nc_zt=14&_nc_ht=scontent-hou1-1.xx&_nc_gid=YDCP9wm3Gr2N4ie5x1T-PQ&oh=00_AfLy55ghIcdH8Mfgp3g1xVA7vYxN1pl_gHWShM3ffm7_tQ&oe=68228200,https://video-hou1-1.xx.fbcdn.net/v/t42.1790-2/486532051_1107466204758597_333327104186447833_n.mp4?_nc_cat=102&ccb=1-7&_nc_sid=c53f8f&_nc_ohc=Rpe-Q5YtkpIQ7kNvwF70shP&_nc_oc=AdnLA4JSK2N1kW0kj83-piNTQFcLSv2UgjObmsKSRL5PeOttfLxNMfVdOXey6inuklmeEP6kidUGccowy6Fp4RMB&_nc_zt=28&_nc_ht=video-hou1-1.xx&_nc_gid=YDCP9wm3Gr2N4ie5x1T-PQ&oh=00_AfImF2L5ciVifRopVPoraj4PdbB3SH8LsZe9ordpv8EaSQ&oe=6822968F,,,2025-03-28 07:00:00,2025-05-07 07:00:00,Super Soft Handfeel,Presenting Super Soft Polo T-Shirts Inspired By The Colours Of Summer On The Amalfi Coast.,175674,https://www.zodiaconline.com/z3-polo-garment-dyed-cream-solid-tailored-fit-casual-cotton-t-shirt-13643-17710-co.html,Shop now,SHOP_NOW,40
www.zodiaconline.com,https://video-hou1-1.xx.fbcdn.net/v/t42.1790-2/486809993_1317069949517981_9138049262810235736_n.?_nc_cat=110&ccb=1-7&_nc_sid=c53f8f&_nc_ohc=MWo0MX8PtXkQ7kNvwHGhaBc&_nc_oc=Adks1whhDEC0UTRt00ftcCPxOTeJ81WxmKDOkx2d7MrrEYsJmm9VR7hhND-2OUIJnJZdF6CtKRKtM6EqJ1OeX6jx&_nc_zt=28&_nc_ht=video-hou1-1.xx&_nc_gid=YDCP9wm3Gr2N4ie5x1T-PQ&oh=00_AfIZaGdJIjXtDt3SV9ZMjEVuUNtik4yofqNmXRrSRQkFvA&oe=68229A7B,https://scontent-hou1-1.xx.fbcdn.net/v/t39.35426-6/487299578_1588501118502838_1117525357315633007_n.jpg?_nc_cat=109&ccb=1-7&_nc_sid=c53f8f&_nc_ohc=uesY7qynxeAQ7kNvwH0m-TD&_nc_oc=Adl9ict3PqM4bnPF7ueyITuOHatZ2PY8U6-LS67SMJiqs8h7nl_I-vFrJJbDtufGcFS_I3uv5hBom_b2SGuL28Rp&_nc_zt=14&_nc_ht=scontent-hou1-1.xx&_nc_gid=YDCP9wm3Gr2N4ie5x1T-PQ&oh=00_AfLy55ghIcdH8Mfgp3g1xVA7vYxN1pl_gHWShM3ffm7_tQ&oe=68228200,https://video-hou1-1.xx.fbcdn.net/v/t42.1790-2/486532051_1107466204758597_333327104186447833_n.mp4?_nc_cat=102&ccb=1-7&_nc_sid=c53f8f&_nc_ohc=Rpe-Q5YtkpIQ7kNvwF70shP&_nc_oc=AdnLA4JSK2N1kW0kj83-piNTQFcLSv2UgjObmsKSRL5PeOttfLxNMfVdOXey6inuklmeEP6kidUGccowy6Fp4RMB&_nc_zt=28&_nc_ht=video-hou1-1.xx&_nc_gid=YDCP9wm3Gr2N4ie5x1T-PQ&oh=00_AfImF2L5ciVifRopVPoraj4PdbB3SH8LsZe9ordpv8EaSQ&oe=6822968F,,,2025-03-28 07:00:00,2025-05-07 07:00:00,Super Soft Handfeel,Presenting Super Soft Polo T-Shirts Inspired By The Colours Of Summer On The Amalfi Coast.,175674,https://www.zodiaconline.com/z3-polo-garment-dyed-cream-solid-tailored-fit-casual-cotton-t-shirt-13643-17710-co.html,Shop now,SHOP_NOW,40
www.pitshirts.in,https://video.fyyz1-1.fna.fbcdn.net/v/t42.1790-2/485361948_2825054487666398_5167629314389285115_n.?_nc_cat=109&ccb=1-7&_nc_sid=c53f8f&_nc_ohc=sS_xDZAASeMQ7kNvwGoQfz8&_nc_oc=Adl77ZOsyYoG_Y_6lQxqgAckjdaiOPVHATBJX3mJWXE2hnLd0usIa2YuopRNU6Npt4-FocDHg9kv7RwVYC8739cK&_nc_zt=28&_nc_ht=video.fyyz1-1.fna&_nc_gid=TC0SZpiQxPTBUpyPIzGHbg&oh=00_AfIAysX4YrOz4Vbfp0sRZAvdGGF6OkvFQnM2Pk3STfaNmA&oe=6822A8CF,https://scontent.fyyz1-1.fna.fbcdn.net/v/t39.35426-6/485726379_668092118995178_6361951920909704874_n.jpg?_nc_cat=104&ccb=1-7&_nc_sid=c53f8f&_nc_ohc=u5esG6VdkdEQ7kNvwFJoivB&_nc_oc=AdmJhxB-Nr-yA7pBbs2z-x5k5267nlxuwWgJPi-v9FhWjgkrhjffNt5aebYJiqY1BdbT16RMVcJtFqGtAK1eiV9Y&_nc_zt=14&_nc_ht=scontent.fyyz1-1.fna&_nc_gid=TC0SZpiQxPTBUpyPIzGHbg&oh=00_AfInI1YxRq9kvkj1gkmeqH5olJF14GTb4AGooAi_IGpMuA&oe=68229B8C,https://video.fyyz1-1.fna.fbcdn.net/v/t42.1790-2/485431672_3994327174168454_7246347365845179980_n.mp4?_nc_cat=104&ccb=1-7&_nc_sid=c53f8f&_nc_ohc=7WxOrMojFdQQ7kNvwG2haX-&_nc_oc=Adny8q7LtO9nseGdw2YHG6p26GnpSdma6OQIhpOrHONWe87pbdv60s93gn8_QPlK7RWNrDKYWhMM90YDWGUkg6rs&_nc_zt=28&_nc_ht=video.fyyz1-1.fna&_nc_gid=TC0SZpiQxPTBUpyPIzGHbg&oh=00_AfJpXjTz5entNkMW9ZDh8NbogiWP4eXulwxKg0ByhjYuUA&oe=68228E63,,,2025-03-24 07:00:00,2025-05-08 07:00:00,Pure Cotton Polos Rs 350 with free delivery,Pure Cotton Polo T Shirts Rs 350 with free delivery,10809,http://www.pitshirts.in/,Shop now,SHOP_NOW,45
https://hurry2buy.com/,https://video.fyyz1-2.fna.fbcdn.net/v/t42.1790-2/446200473_408004892225490_3739864426899901427_n.?_nc_cat=111&ccb=1-7&_nc_sid=c53f8f&_nc_ohc=dcbdc8_lErkQ7kNvwELjiIh&_nc_oc=Adkdl1gq6bd6D1KQwZqDK2Qdsij17L6yl5ju1nkfrc5QHVuTbhzXg1ckHqz9wjFf6pR211R26mmnwZ3h9tQYuMDm&_nc_zt=28&_nc_ht=video.fyyz1-2.fna&_nc_gid=TC0SZpiQxPTBUpyPIzGHbg&oh=00_AfLPPrSMHCSNLI90Ezn0Jm9C3odfx2RWlO1s3sx1ybXoWA&oe=68228D39,https://scontent.fyyz1-2.fna.fbcdn.net/v/t39.35426-6/444504004_771186988415127_5245055937196330500_n.jpg?_nc_cat=108&ccb=1-7&_nc_sid=c53f8f&_nc_ohc=Vwl3YDKSsI0Q7kNvwGEWJoe&_nc_oc=Adl_kTygQI5PR12Nq6OHxhajBxitW-Tcel3hQg-AzDPegNhil7kBab3Hd4H2iBhbSB8c-1qRC_si2FIgtCs9wGs1&_nc_zt=14&_nc_ht=scontent.fyyz1-2.fna&_nc_gid=TC0SZpiQxPTBUpyPIzGHbg&oh=00_AfLjSfw1fEd8915gA34iiw7d_xb7xK-cNUd1jQlIKHt6AQ&oe=68228B6D,https://video.fyyz1-2.fna.fbcdn.net/v/t42.1790-2/439074860_414515694624409_8291354222206506947_n.mp4?_nc_cat=111&ccb=1-7&_nc_sid=c53f8f&_nc_ohc=d1xohXZkc54Q7kNvwHLbfmp&_nc_oc=AdmSWT4hQNFUE7DYce6kmlIYGCqfjg-Z8uZuJLWfbU6cEL8G8ZRK2o6IGxXDJsGwrSWifjs6PA1mEhE1Lfv55JzB&_nc_zt=28&_nc_ht=video.fyyz1-2.fna&_nc_gid=TC0SZpiQxPTBUpyPIzGHbg&oh=00_AfKdpPhXTvREuGrAYyVKcfR5ly1GqpIQ0WXNHSC3ZWdREg&oe=68229057,,,2025-03-23 07:00:00,2025-05-08 07:00:00,"Elevate Your Style, Rs. 599 Onwards","üëï Stay cool, comfortable and stylish all day for just Rs. 599! 
Elevate your casual look with our 5PT9 Men's T-Shirt Pack - a vibrant 5-pack featuring classic collar neck design and soft breathable fabric.",1576,https://hurry2buy.com/products/pack-of-5-collar-t-shirts-with-pocket-5pt9?c=52372&n=01205086535,Order now,ORDER_NOW,46
t.co,https://video-lga3-1.xx.fbcdn.net/v/t42.1790-2/485119360_1092861659266723_7018613290235064120_n.?_nc_cat=103&ccb=1-7&_nc_sid=c53f8f&_nc_ohc=gH06Kr4bBgAQ7kNvwHhXENp&_nc_oc=Adkvv-iGU0_UwFXAS10jAs4j2eWy--h46KVTBQbfCWn0G-RdH-cn59tS0kQO1X819Pk&_nc_zt=28&_nc_ht=video-lga3-1.xx&_nc_gid=UZQOFUwYBj6bAN8WxKQMBg&oh=00_AfLmhrcRUSahbZZo0HCQmQU6to_oM-esv6baz4pcqpvEZw&oe=6822A3FA,https://scontent-lga3-2.xx.fbcdn.net/v/t39.35426-6/485902541_1203643347794634_3661114217038507745_n.jpg?_nc_cat=107&ccb=1-7&_nc_sid=c53f8f&_nc_ohc=---IjQ5y7GUQ7kNvwE7umca&_nc_oc=AdmiKE7CAh283as4iDnb-SbphPxnjuBfHvJ6dpoW1bJ8Kisr2RzTXHQvWDSrUCn0H1Y&_nc_zt=14&_nc_ht=scontent-lga3-2.xx&_nc_gid=UZQOFUwYBj6bAN8WxKQMBg&oh=00_AfLE2OjcP0WmiICtfz-1ApBxA7JQ-KHlGl0TNru_V8Y0QA&oe=682285C0,https://video-lga3-1.xx.fbcdn.net/v/t42.1790-2/483357880_959948692918039_7154828192369733468_n.mp4?_nc_cat=103&ccb=1-7&_nc_sid=c53f8f&_nc_ohc=KUYWOGD-0XIQ7kNvwE0cMzQ&_nc_oc=AdkwZes5h8a8sjqEG6Gbb5D0smIDsgnogx5uCxm-IdNfYhxxI6s70WkgLysrkpw4Rn4&_nc_zt=28&_nc_ht=video-lga3-1.xx&_nc_gid=UZQOFUwYBj6bAN8WxKQMBg&oh=00_AfJ7wY6Nl0dqhIM4dIt2DuyBEY8vOooB6fARhFDo8SOMSA&oe=68228132,,,2025-03-22 07:00:00,2025-05-08 07:00:00,,Men's Polo T-shirts Collection üî• link in bio üîó Free Shipping üöö Shop Now üôÇ COD available ‚úÖ Buy only at Rs. 99/- üî•üî•üî•üî•üî•üî•üî•üî•,237,https://t.co/4i6thLwtUb,Shop now,SHOP_NOW,47
t.co,https://video-lga3-2.xx.fbcdn.net/v/t42.1790-2/485785263_1937590666647614_5853779979510257939_n.?_nc_cat=101&ccb=1-7&_nc_sid=c53f8f&_nc_ohc=k588tOGsY58Q7kNvwF8bVMd&_nc_oc=AdlBdUQgMZY2PWbnLn-2ul_UJqLf4dB2wSTyHFyriIsBV47yZD7ziJZijNqS-oXqOfg&_nc_zt=28&_nc_ht=video-lga3-2.xx&_nc_gid=UZQOFUwYBj6bAN8WxKQMBg&oh=00_AfIA5zFLv5UJcj2KFNe6k5oKZfiqo_oG9mCFcdLrIKpOxg&oe=6822AB88,https://scontent-lga3-2.xx.fbcdn.net/v/t39.35426-6/486319313_674652771908606_244628586602678428_n.jpg?_nc_cat=107&ccb=1-7&_nc_sid=c53f8f&_nc_ohc=dfVSCxKLHdMQ7kNvwGmJHjU&_nc_oc=AdklOQMPHaqQ7YN3BPoeYUe9g8rBTwj73ZeQSvxs3gc4ev7gS3_gHcFaVzxzfafDUW4&_nc_zt=14&_nc_ht=scontent-lga3-2.xx&_nc_gid=UZQOFUwYBj6bAN8WxKQMBg&oh=00_AfIlMcG3LOz05FELA08qiiA7HByOWk1i0ZxkhDx_q7HoHQ&oe=6822A526,https://video-lga3-1.xx.fbcdn.net/v/t42.1790-2/483357880_959948692918039_7154828192369733468_n.mp4?_nc_cat=103&ccb=1-7&_nc_sid=c53f8f&_nc_ohc=KUYWOGD-0XIQ7kNvwE0cMzQ&_nc_oc=AdkwZes5h8a8sjqEG6Gbb5D0smIDsgnogx5uCxm-IdNfYhxxI6s70WkgLysrkpw4Rn4&_nc_zt=28&_nc_ht=video-lga3-1.xx&_nc_gid=UZQOFUwYBj6bAN8WxKQMBg&oh=00_AfJ7wY6Nl0dqhIM4dIt2DuyBEY8vOooB6fARhFDo8SOMSA&oe=68228132,,,2025-03-22 07:00:00,2025-05-08 07:00:00,,Men's Polo T-shirts Collection üî• link in bio üîó Free Shipping üöö Shop Now üôÇ COD available ‚úÖ Buy only at Rs. 99/- üî•üî•üî•üî•üî•üî•üî•üî•,237,https://t.co/BJ3ly6AxVi,Shop now,SHOP_NOW,47
t.co,https://video.fman4-1.fna.fbcdn.net/v/t42.1790-2/485402561_903342545105531_6812963279507344699_n.?_nc_cat=102&ccb=1-7&_nc_sid=c53f8f&_nc_ohc=-MJSBn-dOHIQ7kNvwFLxA-m&_nc_oc=AdmrkwKpwXWQsMbPePFDOXwr1c0nLWXW4TlQ4xpYo3pAEwa1afQRb63EcvCYfuR9uGU&_nc_zt=28&_nc_ht=video.fman4-1.fna&_nc_gid=A7_qAYkQbUB-Bmno3uNmmg&oh=00_AfKjlUcTnDXhGarXLrZNJyZhtHCghkaasZOxU6bwp2dnKw&oe=68229A96,https://scontent.fman4-2.fna.fbcdn.net/v/t39.35426-6/485046650_1940085539731802_2782226410186625467_n.jpg?_nc_cat=103&ccb=1-7&_nc_sid=c53f8f&_nc_ohc=epk1v-NJmCYQ7kNvwGTcsJR&_nc_oc=AdnNYG5MvJiEQ8my5CCOZ4G8REC_pWEjhmklwVbw7bnIbUx6YhQLZhbdEPXQT1y6nHY&_nc_zt=14&_nc_ht=scontent.fman4-2.fna&_nc_gid=A7_qAYkQbUB-Bmno3uNmmg&oh=00_AfIpjHFrU_qqiK8WyxJ1Mb2_ltE4sk6kMDMGTLYALPsADQ&oe=68229F1C,https://video.fman4-2.fna.fbcdn.net/v/t42.1790-2/483357880_959948692918039_7154828192369733468_n.mp4?_nc_cat=103&ccb=1-7&_nc_sid=c53f8f&_nc_ohc=KUYWOGD-0XIQ7kNvwEGSTbU&_nc_oc=AdkzrkQqEMHZ0kizg5gIIYQniGFHqKW9Sl-gDGOGrfay-HyGG7ocNr77CZOop507sEc&_nc_zt=28&_nc_ht=video.fman4-2.fna&_nc_gid=A7_qAYkQbUB-Bmno3uNmmg&oh=00_AfKtwJH0A5pTCyUOf8o7X4Qrtnp8_b86PVZ0TBjSNcYgxg&oe=68228132,,,2025-03-19 07:00:00,2025-05-08 07:00:00,,Men's Polo T-shirts Collection üî• link in bio üîó Free Shipping üöö Shop Now üôÇ COD available ‚úÖ Buy only at Rs. 99/- üî•üî•üî•üî•üî•üî•üî•üî•,237,https://t.co/aouW0za3EM,Shop now,SHOP_NOW,50
play.google.com,https://video.fman4-1.fna.fbcdn.net/v/t42.1790-2/484934063_1205636217843037_6662354765724126205_n.?_nc_cat=104&ccb=1-7&_nc_sid=c53f8f&_nc_ohc=hwDf38SQO8kQ7kNvwG4X_Ve&_nc_oc=Adk9Plg2QKNTQHB96--zszQNqqBNgOzW7jdU4O1DwRhVc2W-TXsMBJFcZpcmCZ6_dn8&_nc_zt=28&_nc_ht=video.fman4-1.fna&_nc_gid=A7_qAYkQbUB-Bmno3uNmmg&oh=00_AfKAMhnS0q3xxhQKLD7PzPC2_4sSoAJviy6r5VdmJUMzgg&oe=682288AC,https://scontent.fman4-2.fna.fbcdn.net/v/t39.35426-6/484871485_28733788142903070_1542333785496987264_n.jpg?_nc_cat=106&ccb=1-7&_nc_sid=c53f8f&_nc_ohc=aCGBZLBXahUQ7kNvwELzX2W&_nc_oc=AdlifaDhDgCoz8bBXfm_zOp4-ld3SQP5vqqs7YkEVtkBOUpE7GVlYsxQ-FREnHlDklQ&_nc_zt=14&_nc_ht=scontent.fman4-2.fna&_nc_gid=A7_qAYkQbUB-Bmno3uNmmg&oh=00_AfLmtsRhSpcxwLPNxuXRgXr1BK2kqKOktwzbzbE-8YsE5w&oe=68227F00,https://video.fman4-2.fna.fbcdn.net/v/t42.1790-2/476086806_936462511966299_7470269289779916748_n.mp4?_nc_cat=103&ccb=1-7&_nc_sid=c53f8f&_nc_ohc=HeUfWBvPNA8Q7kNvwEfnP6H&_nc_oc=Admgk0XSRGy0wP5TS9Wi3WWDOELK8jLhHRkmM8DLHDKR9bHqmslt40klQP4mxks_1J4&_nc_zt=28&_nc_ht=video.fman4-2.fna&_nc_gid=A7_qAYkQbUB-Bmno3uNmmg&oh=00_AfIJaXzHIsV-xBC1z-4rTccKi5EFv0octARtOqTpTjKU0g&oe=68227A02,,,2025-03-19 07:00:00,2025-05-08 07:00:00,,"Comment "" Link "" for instant Dms¬†

.

.

.

.

Premium quality #tshirts
#Shirts #shoes #sweatshirt
#sneakers
#pants
#trousers
#men
#mensstyle
.

#meesho #meeshofinds #hoodies #sweatshirt #sweater #winter #trending #meeshohaul #meeshofashion #meeshoshopping #meeshoproducts #polotshirt #polo #tshirt #explore #shopping #oldmoneyaestheticoutfits #oldmoney #oldmoneystyle #oldmoneyfashion",0,http://play.google.com/store/apps/details?id=com.meesho.supply,Shop now,SHOP_NOW,50
t.co,https://video.ffjr1-4.fna.fbcdn.net/v/t42.1790-2/484462452_629558569786055_3215213156691994997_n.?_nc_cat=107&ccb=1-7&_nc_sid=c53f8f&_nc_ohc=Lm6Q520EmG4Q7kNvwFBIsJF&_nc_oc=AdkxleKX49zpLsTjJ0m60LIEOdvre-rhCKiKfg1chHeJWQvyTNP-SvRHbAHBMtBJCh4&_nc_zt=28&_nc_ht=video.ffjr1-4.fna&_nc_gid=haxvsZRPNQdrWhHur7LdXw&oh=00_AfLMdxUkyWorATlhrP4bkkm0vxM2igadqxvw-7mb9WiB3g&oe=682299EB,https://scontent.ffjr1-5.fna.fbcdn.net/v/t39.35426-6/485206619_501590836150137_8939191347621183784_n.jpg?_nc_cat=110&ccb=1-7&_nc_sid=c53f8f&_nc_ohc=E0zPVv8qda0Q7kNvwES2Vee&_nc_oc=AdnyXXOci2WqL5PFx8WUtg86OVXRow4Wv2fGv_c4cs6KgU2Jp5OSsqoRmE-AKFfyM2U&_nc_zt=14&_nc_ht=scontent.ffjr1-5.fna&_nc_gid=haxvsZRPNQdrWhHur7LdXw&oh=00_AfLd2VWJ-OcdXsIQfJgbq6rPmgLT9GAujiNZec0YQqirfQ&oe=68227A63,https://video.ffjr1-3.fna.fbcdn.net/v/t42.1790-2/483357880_959948692918039_7154828192369733468_n.mp4?_nc_cat=103&ccb=1-7&_nc_sid=c53f8f&_nc_ohc=KUYWOGD-0XIQ7kNvwFcqXj3&_nc_oc=Adm5aafGxUtRO3TYcA4gXnTD0aulLGdItsSOqs1-esvIgNbxq8dF2LSo5Z4OMWgNhvM&_nc_zt=28&_nc_ht=video.ffjr1-3.fna&_nc_gid=haxvsZRPNQdrWhHur7LdXw&oh=00_AfKUgfmAfvdXCOc2-JKltuVyuL0DcYN7IBg5WWKbwWf3NA&oe=68228132,,,2025-03-17 07:00:00,2025-05-08 07:00:00,,Men's Polo T-shirts Collection üî• link in bio üîó Free Shipping üöö Shop Now üôÇ COD available ‚úÖ Buy only at Rs. 99/- üî•üî•üî•üî•üî•üî•üî•üî•,237,https://t.co/Htvc3hU5yJ,Shop now,SHOP_NOW,52
t.co,https://video.ffjr1-5.fna.fbcdn.net/v/t42.1790-2/484968127_1357948942110144_2820598206911060043_n.?_nc_cat=100&ccb=1-7&_nc_sid=c53f8f&_nc_ohc=XQ5u_sSWwOIQ7kNvwF0HkFc&_nc_oc=Adnd8jGB-gow9k4C1B60YlGxXAv2-i5wdNGV2U4W5E0KzKW6EDNNtB13BLHPmmm_YoM&_nc_zt=28&_nc_ht=video.ffjr1-5.fna&_nc_gid=haxvsZRPNQdrWhHur7LdXw&oh=00_AfLmEEbLgzkddDc6LT-3SbKe9d9Bdx3hEzvwRhjeFjoW4Q&oe=68228679,https://scontent.ffjr1-1.fna.fbcdn.net/v/t39.35426-6/484589155_3471058593201772_8747336104705124992_n.jpg?_nc_cat=111&ccb=1-7&_nc_sid=c53f8f&_nc_ohc=CmhO2vXgGuEQ7kNvwHzlqDK&_nc_oc=AdneCJ7379n89d4O-XYokBk087YssHJ44si-Y-q3dXIQdDUdDDGRUpmC3xu1w2eslG8&_nc_zt=14&_nc_ht=scontent.ffjr1-1.fna&_nc_gid=haxvsZRPNQdrWhHur7LdXw&oh=00_AfJ4dr-Ze2sUa4-7vRRERb6JRhNRKRZQH3VDtM5F9cv2fw&oe=6822765F,https://video.ffjr1-3.fna.fbcdn.net/v/t42.1790-2/483357880_959948692918039_7154828192369733468_n.mp4?_nc_cat=103&ccb=1-7&_nc_sid=c53f8f&_nc_ohc=KUYWOGD-0XIQ7kNvwFcqXj3&_nc_oc=Adm5aafGxUtRO3TYcA4gXnTD0aulLGdItsSOqs1-esvIgNbxq8dF2LSo5Z4OMWgNhvM&_nc_zt=28&_nc_ht=video.ffjr1-3.fna&_nc_gid=haxvsZRPNQdrWhHur7LdXw&oh=00_AfKUgfmAfvdXCOc2-JKltuVyuL0DcYN7IBg5WWKbwWf3NA&oe=68228132,,,2025-03-17 07:00:00,2025-05-07 07:00:00,,Men's Polo T-shirts Collection üî• link in bio üîó Free Shipping üöö Shop Now üôÇ COD available ‚úÖ Buy only at Rs. 99/- üî•üî•üî•üî•üî•üî•üî•üî•,237,https://t.co/BJ0qkyxX53,Shop now,SHOP_NOW,51
,https://video.fcps4-1.fna.fbcdn.net/v/t42.1790-2/483915597_1177147724045728_7894886265700480355_n.?_nc_cat=106&ccb=1-7&_nc_sid=c53f8f&_nc_ohc=IYIFSitjmbUQ7kNvwHKbfMq&_nc_oc=AdnEJKzqUW8bb0yNvYb5YbYfynIlU7brF24FxvC-QG2_Kg6Yy8IJEio94kE85VSxUQKV0b9AZdBkH1Y1o2vQIIox&_nc_zt=28&_nc_ht=video.fcps4-1.fna&_nc_gid=4r62TH8G5gvDJ5HobdrSiw&oh=00_AfKVjLZEZ9eUzhGSAXn_DsItDvpN5fdCwZTq66eo89WmBg&oe=68228A37,https://scontent.fcps4-1.fna.fbcdn.net/v/t39.35426-6/484324001_1314133493172347_2023355670757924941_n.jpg?_nc_cat=107&ccb=1-7&_nc_sid=c53f8f&_nc_ohc=tJKtf5YUeugQ7kNvwEs32wv&_nc_oc=AdnVucJlmpStczlx4i-drvLOpiy38LlBwb-MVigTZI9vEQf-KUOzLHDwmFhV2eb1sKWtD6hHeyLyoJM5HWWXrBIZ&_nc_zt=14&_nc_ht=scontent.fcps4-1.fna&_nc_gid=4r62TH8G5gvDJ5HobdrSiw&oh=00_AfLgFKBa0L1m4eK-B5dBKSsN_eSVmQuQ99SVJ1ZnqA0Zdw&oe=682277CC,https://video.fcps4-1.fna.fbcdn.net/v/t42.1790-2/481065476_1350864262736747_6695994784014832354_n.mp4?_nc_cat=110&ccb=1-7&_nc_sid=c53f8f&_nc_ohc=vj9BKp7zgzoQ7kNvwE82iGP&_nc_oc=Adl8PZ6-qkEEtbsy0_xQtSLlycb8qr9IlRzyniiXJ33Pldy-ra7x3ZApD7T8VghzYQXCThpPQgR6hBZujATud9gX&_nc_zt=28&_nc_ht=video.fcps4-1.fna&_nc_gid=4r62TH8G5gvDJ5HobdrSiw&oh=00_AfLXZ_1yPgqdo9lM3LqpNedC9zWASSFokpfzuuJd3vGToQ&oe=6822A6E0,,,2025-03-13 07:00:00,2025-05-08 07:00:00,,"üî• World-Class Brands, ‡¶è‡¶ñ‡¶® ‡¶è‡¶ï‡¶¶‡¶Æ ‡¶π‡¶æ‡¶§‡ßá‡¶∞ ‡¶®‡¶æ‡¶ó‡¶æ‡¶≤‡ßá!
Visit: www.retroostore.com",19229,,Like Page,LIKE_PAGE,56
,https://video.fcps4-1.fna.fbcdn.net/v/t42.1790-2/483560909_636541855645267_8781440967538309884_n.?_nc_cat=108&ccb=1-7&_nc_sid=c53f8f&_nc_ohc=MR29lH8bxH4Q7kNvwHoYFY-&_nc_oc=AdkWudtBQWP0GFeRfOf5qHOACcIsIK_c6z4UxXpY0Qq9ynDNeG6HwhdkBCtsDMVdkYYaRZkjZrR5kWn2d4NVT2bD&_nc_zt=28&_nc_ht=video.fcps4-1.fna&_nc_gid=4r62TH8G5gvDJ5HobdrSiw&oh=00_AfJGI4k0wcT9WjHd_q4YAdtMTbHJWo2tmCXiotxFtCXOgg&oe=682279B2,https://scontent.fcps4-1.fna.fbcdn.net/v/t39.35426-6/484098316_708461391503435_6389876492315246704_n.jpg?_nc_cat=111&ccb=1-7&_nc_sid=c53f8f&_nc_ohc=E62iGUh-vDkQ7kNvwElkS7a&_nc_oc=AdlM7CbAmsjaHIuZB7luI3bRt6PbI8GC6Q_xIqXYqB4ylKKWRXweLNuU588p5q9RZFVcM9N5OEogXtX329EbmC0M&_nc_zt=14&_nc_ht=scontent.fcps4-1.fna&_nc_gid=4r62TH8G5gvDJ5HobdrSiw&oh=00_AfKvOdmf_Cjh4ANdXqhO7zVQItyIhkv9J5zKo_SvFEOmqQ&oe=6822A814,https://video.fcps4-1.fna.fbcdn.net/v/t42.1790-2/453961396_892614462700144_1240596204361825170_n.mp4?_nc_cat=106&ccb=1-7&_nc_sid=c53f8f&_nc_ohc=XSpoj_aNAqAQ7kNvwFuqcNM&_nc_oc=Adkcc6JQEgCADVJaMBihEOSaczwzay3zN8FPOJGWNFJj6UMVx8LRNUrq0E4PEPiBq2u768TUEgBO8-lnTyHQjPMA&_nc_zt=28&_nc_ht=video.fcps4-1.fna&_nc_gid=4r62TH8G5gvDJ5HobdrSiw&oh=00_AfLLfpFFrVUdLnABgkDweQAh4KQbPknkaZOJhJ0zK9Bmfw&oe=6822A77D,,,2025-03-13 07:00:00,2025-05-07 07:00:00,5 ‡™ï‡´ã‡™≤‡™∞ ‡™ü‡´Ä-‡™∂‡™∞‡´ç‡™ü @599/- üëï,"‡™™‡´á‡™ï ‡™ì‡™´ 5 ‡™ï‡´ã‡™≤‡™∞ ‡™ü‡´Ä-‡™∂‡™∞‡´ç‡™ü ‡™™‡´ã‡™ï‡´á‡™ü ‡™∏‡™æ‡™•‡´á @599/- ‡™Æ‡™æ‡™§‡´ç‡™∞! üëïüíº ‡™Æ‡™ø‡™∏ ‡™® ‡™ï‡™∞‡™∂‡´ã, ‡™Ü‡™ú‡´á ‡™ú ‡™ñ‡™∞‡´Ä‡™¶‡´Ä ‡™ï‡™∞‡´ã! üõí‚ú®",5641,,Call now,CALL_NOW,55
,https://video.fcps4-1.fna.fbcdn.net/v/t42.1790-2/483236842_1158156975463270_2815714922509156325_n.?_nc_cat=106&ccb=1-7&_nc_sid=c53f8f&_nc_ohc=exHzwU1tVXIQ7kNvwFB1Pi3&_nc_oc=AdnM01dTTzHurKlM2WpgLB32XEQJSZ9japbykIwtquHFl-R1ZOa1sSInb6BfSbnuQ2Lrm84lzibsck-f8S8K4-T8&_nc_zt=28&_nc_ht=video.fcps4-1.fna&_nc_gid=4r62TH8G5gvDJ5HobdrSiw&oh=00_AfLdQa8_slJ5F_O9HiAhI-VWDNs4FFRFL6OHA_YBejQB3A&oe=68227B6C,https://scontent.fcps4-1.fna.fbcdn.net/v/t39.35426-6/482352555_534954286304092_9085092083588627895_n.jpg?_nc_cat=100&ccb=1-7&_nc_sid=c53f8f&_nc_ohc=c76DmBnlv7QQ7kNvwEcFZ0s&_nc_oc=AdnxlTsxDITRIUka2SksATM_Lm0Qj2ljK2d_hmvTQQrw6umEf5Xtxw3XAWhdU_JPkermnji05EE6lKD4Xjyg0zWr&_nc_zt=14&_nc_ht=scontent.fcps4-1.fna&_nc_gid=4r62TH8G5gvDJ5HobdrSiw&oh=00_AfLEAufR6YTI9Ux2M56-GNe9XuUhULxRD502iPwMQIHOtA&oe=68228CBF,https://video.fcps4-1.fna.fbcdn.net/v/t42.1790-2/483113009_683695947321390_1488403280138150510_n.mp4?_nc_cat=105&ccb=1-7&_nc_sid=c53f8f&_nc_ohc=NQ_XMAWq1HYQ7kNvwGQy107&_nc_oc=AdkzBlUGZo9dz-yp_TG0NaguLEWUctw8J_qM_6rTtFXQGc4fnHVTf9VtsL-yYIeIaWT4CEmEE9VbOldZTNVkwg52&_nc_zt=28&_nc_ht=video.fcps4-1.fna&_nc_gid=4r62TH8G5gvDJ5HobdrSiw&oh=00_AfK79mQnsPuXKCQMXucoLuuQYPqOgRQJC1vVBk-vU6Q3Nw&oe=6822893E,,,2025-03-12 07:00:00,2025-05-07 07:00:00,,"üïå ùêÑùê¢ùêù ùêåùêÆùêõùêöùê´ùêöùê§! ùêÇùêûùê•ùêûùêõùê´ùêöùê≠ùêû ùê¢ùêß ùêíùê≠ùê≤ùê•ùêû! üéä
Get your hands on the trendiest western wear from top brands like U.S. Polo, Arrow, Turtle & more

Welcome to Brandmates ‚Äì your one-stop shop for premium branded men‚Äôs wear! From casual to formal, find the best styles from top brands like Arrow, U.S. Polo Assn., Killer X,  Jack & Jones, Levi's, Turtle, Park Avenue, Parx, etc.

‚úÖ Stylish Shirts, Trousers & Jackets
‚úÖ Perfect for Your Festive Look

üéÅ Grab Your Eid Outfit Before Stock Runs Out!

üìç Store Address:
üìå ùêí.ùêå ùêèùêöùê•ùê•ùê≤, ùêçùêá-ùüëùüí, ùêéùê©ùê©. ùêèùêöùê•ùê•ùê≤ùê¨ùê°ùê´ùêûùêû ùêèùê•ùêöùê≤ùê†ùê´ùê®ùêÆùêßùêù, ùêåùêöùê•ùêùùêö, ùêñùêÅ ùüïùüëùüêùüèùüéùüè",8676,,Like Page,LIKE_PAGE,56
www.beyoung.in,https://video-atl3-2.xx.fbcdn.net/v/t42.1790-2/483604298_1888787361861546_1048507561606142904_n.?_nc_cat=111&ccb=1-7&_nc_sid=c53f8f&_nc_ohc=euSH8mPAKMIQ7kNvwEPFaFH&_nc_oc=AdncD6Gy_LYlaPmX9BCyv361H_asJC20Ikvxqw90vZtw0NM5Kc8Igoz4UHkPHcBqnqw&_nc_zt=28&_nc_ht=video-atl3-2.xx&_nc_gid=8KBHTy_uTjiiD8LRJF6TWg&oh=00_AfLpRpYy75OFNSD5mBgaJQ4H6cNC3pMUyEPUOfmojvf-Ew&oe=6822A461,https://scontent-atl3-1.xx.fbcdn.net/v/t39.35426-6/482810008_1207017247690980_2036759902353953373_n.jpg?_nc_cat=100&ccb=1-7&_nc_sid=c53f8f&_nc_ohc=uNXUeJLIIB4Q7kNvwEQaXY-&_nc_oc=AdlIW0bZqLf_mmcbiDti4kttMGml79XZurxz77T1hYl6EqqT8ecCr__u4HabrC75yOo&_nc_zt=14&_nc_ht=scontent-atl3-1.xx&_nc_gid=8KBHTy_uTjiiD8LRJF6TWg&oh=00_AfKWfiawMN2zcBun0dyev4WQ_S9xc2ZL0jg4RRzWa-vgMA&oe=682284B9,https://video-atl3-1.xx.fbcdn.net/v/t42.1790-2/483457662_507078918863624_2284033235101061242_n.mp4?_nc_cat=100&ccb=1-7&_nc_sid=c53f8f&_nc_ohc=LWXqgysiPS8Q7kNvwGXsD93&_nc_oc=AdmW6y6ZmwTroFo9CpHZmDt8B4eE3nl_v3vdVuFMt4jEJ_PnZKCmHcM7PBeSH2IeBaI&_nc_zt=28&_nc_ht=video-atl3-1.xx&_nc_gid=8KBHTy_uTjiiD8LRJF6TWg&oh=00_AfKGSxMUvTpR6YVa9ziX0KU9LZoWRj9Bxi5ykgGJL9VYMg&oe=68229CEB,,,2025-03-10 07:00:00,2025-05-07 07:00:00,üéØ The Perfect Polo at the Perfect Price!,"Last chance to grab this drop! Super breathable, lightweight polo t-shirts in all sizes. Limited stock‚Äîsecure yours now!",65464,https://www.beyoung.in/polo-t-shirts?utm_source=SMM_PAID_BO_sPOLO_NC_IB_AS02_AD6_SJ6_Conv_10-03-2025,Shop now,SHOP_NOW,58
maxzoneclothing.com,https://video-atl3-1.xx.fbcdn.net/v/t42.1790-2/483327905_1779757172867303_6323366958561090228_n.?_nc_cat=110&ccb=1-7&_nc_sid=c53f8f&_nc_ohc=O7YWpyALBBwQ7kNvwGpF5FJ&_nc_oc=AdkaLHb3zK7FTRY9Sehm5vWMUOdKzaY5dCSoTesdhFoxwIOPeCUQofd3-S8kdxf3ro0&_nc_zt=28&_nc_ht=video-atl3-1.xx&_nc_gid=8KBHTy_uTjiiD8LRJF6TWg&oh=00_AfKFG2mwa-DFfWSwU-pEsTFPGmeiqQeeCiKlskGoZXDzKQ&oe=68228727,https://scontent-atl3-2.xx.fbcdn.net/v/t39.35426-6/481971095_1337984887624517_5622850320965744701_n.jpg?_nc_cat=111&ccb=1-7&_nc_sid=c53f8f&_nc_ohc=iW-u74HuG0YQ7kNvwHNES9V&_nc_oc=AdkUCX1hZvzC-UMFynmsfyvp7Mn-wxjHyeLGhGhHXYYN8V6PHdUs3LkpE3L-euT3Rqs&_nc_zt=14&_nc_ht=scontent-atl3-2.xx&_nc_gid=8KBHTy_uTjiiD8LRJF6TWg&oh=00_AfIpM4fY1fvLpJAmgPG6ONcxcSs7fEhpNYiv5ZtDnswOWg&oe=68228360,https://video-atl3-2.xx.fbcdn.net/v/t42.1790-2/471809810_1121548319378842_6984632446497776754_n.mp4?_nc_cat=105&ccb=1-7&_nc_sid=c53f8f&_nc_ohc=WMN4JdhzzpQQ7kNvwHSLuG1&_nc_oc=Adn9rnX1RbNg9HIw3NnLSFejqauTsVF9Bk5P1BvwYHt-rDyLGYd-KGUFB4miBL551nw&_nc_zt=28&_nc_ht=video-atl3-2.xx&_nc_gid=8KBHTy_uTjiiD8LRJF6TWg&oh=00_AfJJ7tLPV1jIetgxDzpu7dYSTjJ3E4oRkN9QVwKE7WtNPg&oe=68227DB7,,,2025-03-08 08:00:00,2025-05-07 07:00:00,,"Aesthetically fine old money polos 

Price :  1199/- 
Fabric : British knit 
Maxzoneclothing.com 

#maxzone #maxzoneclothing #productreview #mansfashion #tshirtbrand",126587,https://maxzoneclothing.com/collections/old-money-polo,Shop now,SHOP_NOW,59
pitshirts.in,https://video-atl3-2.xx.fbcdn.net/v/t42.1790-2/455807962_1232588814847180_5534058241383132190_n.?_nc_cat=101&ccb=1-7&_nc_sid=c53f8f&_nc_ohc=dFaJzfPjPIwQ7kNvwGZ9UHI&_nc_oc=AdmOWPxwORELyq8Qyzyn0fxJj8nxOU7gxnsBcUtyvKk2AithbC8sXWeUpWF6eOL1xJs&_nc_zt=28&_nc_ht=video-atl3-2.xx&_nc_gid=8KBHTy_uTjiiD8LRJF6TWg&oh=00_AfJmiFqF_8qsliZN5_96szZ3evYvNEuIym1qmrT0avMweg&oe=68228A66,https://scontent-atl3-2.xx.fbcdn.net/v/t39.35426-6/455783774_1021712352770497_9032293830331965108_n.jpg?_nc_cat=101&ccb=1-7&_nc_sid=c53f8f&_nc_ohc=rhQCLsy8UTQQ7kNvwFUb7my&_nc_oc=AdmkCwM1qdf7eaoK_I50EsEfR-cWCkZ8T_hrE60Dj1vzFPGC6lJYW7aXlcs9KCBFPdE&_nc_zt=14&_nc_ht=scontent-atl3-2.xx&_nc_gid=8KBHTy_uTjiiD8LRJF6TWg&oh=00_AfLyYap-Z7JgSUhsVjbL1kcI41JaELj7ltAR6HGvOTtNRg&oe=68229C08,https://video-atl3-1.xx.fbcdn.net/v/t42.1790-2/439095098_1563816834162915_1605754737248636233_n.mp4?_nc_cat=110&ccb=1-7&_nc_sid=c53f8f&_nc_ohc=MH1L6j56uqsQ7kNvwHBM_XF&_nc_oc=AdlF7HRzpWuN2QHKPNDYf87be2Wra75bBasjcbUyj9lECqTGiFWiQ_AiktG2EALWw5A&_nc_zt=28&_nc_ht=video-atl3-1.xx&_nc_gid=8KBHTy_uTjiiD8LRJF6TWg&oh=00_AfJ4w9LMrCXurcel-krtMdqHlFArlBQVtPJyWwJg5TcB_Q&oe=68229419,,,2025-03-05 08:00:00,2025-05-08 07:00:00,Pure Cotton Polo T Shirts with Pocket from Rs 350,Pure Cotton Polo Pocket Tshirt,10809,https://pitshirts.in/,Shop now,SHOP_NOW,63
play.google.com,https://video-dfw5-2.xx.fbcdn.net/v/t42.1790-2/481818487_1136445757806361_2264537923635847616_n.?_nc_cat=100&ccb=1-7&_nc_sid=c53f8f&_nc_ohc=1tf5dv1oRdYQ7kNvwHie8pY&_nc_oc=Adl4dgYppWD1AoIpjdqFN8xGxEj3kHamQi8NjZVIcEzu8uEElTyoJaxRfZNqLmPSdK8&_nc_zt=28&_nc_ht=video-dfw5-2.xx&_nc_gid=K-50WTNVIdbkgEcWOMQBtg&oh=00_AfIb9jWDYS9IkvwJboxhj4dBlnBvWeF4qCjn6VnbhpnBoQ&oe=682278F2,https://scontent-dfw5-1.xx.fbcdn.net/v/t39.35426-6/482068962_1181934613362938_6790001125509618293_n.jpg?_nc_cat=111&ccb=1-7&_nc_sid=c53f8f&_nc_ohc=OQwYJkcGjeIQ7kNvwE_2Sph&_nc_oc=Adl6EFmfBlrI4LTKdTC_Jrwn_yMp79aVnMtNFbNV8n-0d-cFzPY8Tm-hZZF49spQ0TI&_nc_zt=14&_nc_ht=scontent-dfw5-1.xx&_nc_gid=K-50WTNVIdbkgEcWOMQBtg&oh=00_AfLey6IbRdzbdF27Um8J97ag0sN7HGsMl6yt51-crW3u2Q&oe=68228AA9,https://video-dfw5-1.xx.fbcdn.net/v/t42.1790-2/476086806_936462511966299_7470269289779916748_n.mp4?_nc_cat=103&ccb=1-7&_nc_sid=c53f8f&_nc_ohc=HeUfWBvPNA8Q7kNvwGTql1x&_nc_oc=AdmQoMzNDF-GjSpmGTITulQjBLEiWimLgxlMAPd0mHCF0c8J3x3BN0Y8qbrFtGbe1fE&_nc_zt=28&_nc_ht=video-dfw5-1.xx&_nc_gid=K-50WTNVIdbkgEcWOMQBtg&oh=00_AfKRPbohHb_Xl2E9X35E4dBnLqnDDQlQin2AtPDK0E5XWQ&oe=68227A02,,,2025-03-02 08:00:00,2025-05-07 07:00:00,,"Comment "" Link "" for instant Dms¬†

.

.

.

.

Premium quality #tshirts
#Shirts #shoes #sweatshirt
#sneakers
#pants
#trousers
#men
#mensstyle
.

#meesho #meeshofinds #hoodies #sweatshirt #sweater #winter #trending #meeshohaul #meeshofashion #meeshoshopping #meeshoproducts #polotshirt #polo #tshirt #explore #shopping #oldmoneyaestheticoutfits #oldmoney #oldmoneystyle #oldmoneyfashion",0,http://play.google.com/store/apps/details?id=com.meesho.supply,Shop now,SHOP_NOW,65
play.google.com,https://video-dfw5-1.xx.fbcdn.net/v/t42.1790-2/482119453_666910589333277_6223751606320061620_n.?_nc_cat=101&ccb=1-7&_nc_sid=c53f8f&_nc_ohc=EXCAzbxQpmoQ7kNvwHPsVZ2&_nc_oc=Adlqqk_kCMfJ4H-dg2P8bO_h5EYhlknqnHnQJ0bQdMwMp7WT1AcG8i8UaUMZ2lYwwtc&_nc_zt=28&_nc_ht=video-dfw5-1.xx&_nc_gid=K-50WTNVIdbkgEcWOMQBtg&oh=00_AfKfkX0bNtGN7iKn5dme7MpwNlNGlx-gmd1LjeTb-Z5_QA&oe=68228DB5,https://scontent-dfw5-3.xx.fbcdn.net/v/t39.35426-6/480978564_621896237108184_2239099876295557378_n.jpg?_nc_cat=109&ccb=1-7&_nc_sid=c53f8f&_nc_ohc=OkimHfMQzPYQ7kNvwFcSG_4&_nc_oc=AdkCd_T-ZFo34zqPYbesOf3LYpnrv3UWg1ssqlriJzfZCLS8vqSW02HzeB3VSi4zSIM&_nc_zt=14&_nc_ht=scontent-dfw5-3.xx&_nc_gid=K-50WTNVIdbkgEcWOMQBtg&oh=00_AfKsqxjlYQ1TLPtS5tN13QP2dMX5es-9AVHSolRSYF7nNw&oe=68228086,https://video-dfw5-1.xx.fbcdn.net/v/t42.1790-2/476086806_936462511966299_7470269289779916748_n.mp4?_nc_cat=103&ccb=1-7&_nc_sid=c53f8f&_nc_ohc=HeUfWBvPNA8Q7kNvwGTql1x&_nc_oc=AdmQoMzNDF-GjSpmGTITulQjBLEiWimLgxlMAPd0mHCF0c8J3x3BN0Y8qbrFtGbe1fE&_nc_zt=28&_nc_ht=video-dfw5-1.xx&_nc_gid=K-50WTNVIdbkgEcWOMQBtg&oh=00_AfKRPbohHb_Xl2E9X35E4dBnLqnDDQlQin2AtPDK0E5XWQ&oe=68227A02,,,2025-03-02 08:00:00,2025-05-07 07:00:00,,"Comment "" Link "" for instant Dms¬†

.

.

.

.

Premium quality #tshirts
#Shirts #shoes #sweatshirt
#sneakers
#pants
#trousers
#men
#mensstyle
.

#meesho #meeshofinds #hoodies #sweatshirt #sweater #winter #trending #meeshohaul #meeshofashion #meeshoshopping #meeshoproducts #polotshirt #polo #tshirt #explore #shopping #oldmoneyaestheticoutfits #oldmoney #oldmoneystyle #oldmoneyfashion",0,http://play.google.com/store/apps/details?id=com.meesho.supply,Shop now,SHOP_NOW,65
,https://video-dfw5-1.xx.fbcdn.net/v/t42.1790-2/482147695_922397083308741_1099477030036578800_n.?_nc_cat=110&ccb=1-7&_nc_sid=c53f8f&_nc_ohc=i9gga6uJdKoQ7kNvwHxxbCa&_nc_oc=AdkxQIc6f47ggqFLjhI3ExMq1gca5EE5UefCrRtA1rfoA8xRsI6htK58CF9pZpR1ZX8&_nc_zt=28&_nc_ht=video-dfw5-1.xx&_nc_gid=K-50WTNVIdbkgEcWOMQBtg&oh=00_AfKl5JB0Sgp5jtAOpW7C-ATPF-14HLgG-_FYlZDNq1liaQ&oe=68228A24,https://scontent-dfw5-1.xx.fbcdn.net/v/t39.35426-6/481220097_1847145156100726_4574635562046383689_n.jpg?_nc_cat=101&ccb=1-7&_nc_sid=c53f8f&_nc_ohc=YCk5Udm0RmgQ7kNvwG3NP_T&_nc_oc=AdmXnWI9AJ1a-X82t7lbyfBMt6yi0g7mKbkdG53t-NuYJ_tQdLucRFFYP6a0FYd-95w&_nc_zt=14&_nc_ht=scontent-dfw5-1.xx&_nc_gid=K-50WTNVIdbkgEcWOMQBtg&oh=00_AfITZwYWNu5VOggC-xNVh3LSKKZCBP9RPgNnzOH-tRDvAw&oe=68228F51,https://video-dfw5-1.xx.fbcdn.net/v/t42.1790-2/481707634_525972553861355_6646335381637467791_n.mp4?_nc_cat=101&ccb=1-7&_nc_sid=c53f8f&_nc_ohc=WaIvxbfd70IQ7kNvwESolnK&_nc_oc=Adn2k6IdGH-kCboNNUMPyMoenoFyb6RDcqLd36Voq7UBr9HgVzeWx4TLq5Q3X9bEDGo&_nc_zt=28&_nc_ht=video-dfw5-1.xx&_nc_gid=K-50WTNVIdbkgEcWOMQBtg&oh=00_AfLH2Nf1avhtD62771ivS6kS7FPA4n-5tLVt5lsFZSaUxg&oe=68228B7B,,,2025-03-01 08:00:00,2025-05-07 07:00:00,"Beyoung is here, Kota! üëó‚ú® Shop the latest trends! üõçÔ∏è","Beyoung now in Kota! ‚ú® Your Only Style Destination
üõçÔ∏è Pyjamas, Polo Tees, Boxers, Shirts & More at Special Prices!",65464,,,,66
,https://video-dfw5-1.xx.fbcdn.net/v/t42.1790-2/482119104_1170947727800430_2553229828677276129_n.?_nc_cat=110&ccb=1-7&_nc_sid=c53f8f&_nc_ohc=sw4BtLF0EFwQ7kNvwGMyibS&_nc_oc=Adle7GID2ezR9Acoe3Zh5qbcJmzqEtjMIJdxp2sveN05qaCXdsEXs7WihrDF2C95jp8&_nc_zt=28&_nc_ht=video-dfw5-1.xx&_nc_gid=K-50WTNVIdbkgEcWOMQBtg&oh=00_AfIhQIg4-vJX0GDUKECGX0Cwwc8Q452eQIGWhsOa-W8r_w&oe=682293AF,https://scontent-dfw5-1.xx.fbcdn.net/v/t39.35426-6/480836937_650528350768098_1029370032004936268_n.jpg?_nc_cat=105&ccb=1-7&_nc_sid=c53f8f&_nc_ohc=tA5uXAzHBdsQ7kNvwEi2cfW&_nc_oc=AdngH1sq5eQbfs7XFFmrzkVxWz9Ddorb1evWWI3m-wj4sh-5RhHiitViR2VWbqQxjZs&_nc_zt=14&_nc_ht=scontent-dfw5-1.xx&_nc_gid=K-50WTNVIdbkgEcWOMQBtg&oh=00_AfIe1VixFI6i8BED2HyqxUVmz0YyQV1pcWYlUqMkJNrFpQ&oe=6822962A,https://video-dfw5-1.xx.fbcdn.net/v/t42.1790-2/481223250_637638648638734_6824281373170841175_n.mp4?_nc_cat=111&ccb=1-7&_nc_sid=c53f8f&_nc_ohc=-7sFJfXlLrIQ7kNvwGgepwm&_nc_oc=Adkl1QF-XCYB5tGXQEEBYNkbS4KGygUIqbOoCQcl2mSmcCKIP92xIPkAKd-DI5tiwfA&_nc_zt=28&_nc_ht=video-dfw5-1.xx&_nc_gid=K-50WTNVIdbkgEcWOMQBtg&oh=00_AfKZGGM7sDuSZ3T5TAGbbOSYCX2OLuUKl4xIGrNPocKxIg&oe=6822926E,,,2025-03-01 08:00:00,2025-05-07 07:00:00,"Beyoung is here, Kota! üëó‚ú® Shop the latest trends! üõçÔ∏è","Beyoung now in Kota! ‚ú® Your Only Style Destination
üõçÔ∏è Pyjamas, Polo Tees, Boxers, Shirts & More at Special Prices!",65464,,,,66
,https://video-cpt1-1.xx.fbcdn.net/v/t42.1790-2/481920000_9413469492065342_425976636145201017_n.?_nc_cat=105&ccb=1-7&_nc_sid=c53f8f&_nc_ohc=5dxn3qbFYVkQ7kNvwG1STWV&_nc_oc=AdmJYWPO7HX3ORUnwmuKD_vWHWNmMieqEaTQfrdLr5YzRHuFoaa8fLToN0iZ0UIi1b0&_nc_zt=28&_nc_ht=video-cpt1-1.xx&_nc_gid=IAZlT5Pqxhu0sb0rGy-rFg&oh=00_AfJBt4wkwOgWL-PhYqFdf1i7aC5LjKfJ6ofqEKNKJXUE1Q&oe=6822A89E,https://scontent-cpt1-1.xx.fbcdn.net/v/t39.35426-6/481276779_3785781751734181_4745070047948435443_n.jpg?_nc_cat=107&ccb=1-7&_nc_sid=c53f8f&_nc_ohc=TMEUrdsdQYIQ7kNvwGhB_qq&_nc_oc=AdkXadw68ORDoEWJATCN51qjWI2Xqp_X-6OaXqWiuRqqgTbEGI46LFAaQDdIjYj-Rlo&_nc_zt=14&_nc_ht=scontent-cpt1-1.xx&_nc_gid=IAZlT5Pqxhu0sb0rGy-rFg&oh=00_AfLCu7jGnTt7QL43hYEDKiTse6G7dq_DbhNZClBd3oH_yA&oe=6822AC2B,https://video-cpt1-1.xx.fbcdn.net/v/t42.1790-2/481474167_622572260414867_6915700988300261326_n.mp4?_nc_cat=110&ccb=1-7&_nc_sid=c53f8f&_nc_ohc=8-WqtwFQ9HUQ7kNvwGkOra-&_nc_oc=Adm0uZFu5hY2ysrUg2f9pJ1C1FQKoYuvVK5KxuttlkHtpzaEYt-9z4nUQEuw0hSoyl4&_nc_zt=28&_nc_ht=video-cpt1-1.xx&_nc_gid=IAZlT5Pqxhu0sb0rGy-rFg&oh=00_AfJ7pzXLzTL9WDEIc-dvqRcd7UwHIbm638k1CY0Pl2k-4g&oe=6822A061,,,2025-03-01 08:00:00,2025-05-08 07:00:00,"Beyoung is here, Kota! üëó‚ú® Shop the latest trends! üõçÔ∏è","Beyoung now in Kota! ‚ú® Your Only Style Destination
üõçÔ∏è Pyjamas, Polo Tees, Boxers, Shirts & More at Special Prices!",65464,,,,67
,https://video-cpt1-1.xx.fbcdn.net/v/t42.1790-2/481764647_594499336909766_2961820483924795808_n.?_nc_cat=111&ccb=1-7&_nc_sid=c53f8f&_nc_ohc=Xt0a32lyqyYQ7kNvwH_FJIS&_nc_oc=AdmtjOjYZp0Tmuu5KOAUpbIAphJsbFHWaWJ3h0OookvgxKXwEpWSvyJ_Oe6iiPvzoPM&_nc_zt=28&_nc_ht=video-cpt1-1.xx&_nc_gid=IAZlT5Pqxhu0sb0rGy-rFg&oh=00_AfLaYbzqbEOqj1AcrCxkqURZ8FxYAR0cvsYp-7yc3a3Ung&oe=68227744,https://scontent-cpt1-1.xx.fbcdn.net/v/t39.35426-6/481268085_1333912000979061_7643159387575501385_n.jpg?_nc_cat=107&ccb=1-7&_nc_sid=c53f8f&_nc_ohc=JF2MXYv2930Q7kNvwFDL3zB&_nc_oc=AdkCEQbvycSUT-9h-DHc0Mcc5aa6MBkphuX574MSKQEWh3dDqXJ8v_icCF85i52t_NA&_nc_zt=14&_nc_ht=scontent-cpt1-1.xx&_nc_gid=IAZlT5Pqxhu0sb0rGy-rFg&oh=00_AfIsr7upI-sTS-1hfxrrg2-sUwOx-2ApTTT10cx26vFipQ&oe=6822AD3D,https://video-cpt1-1.xx.fbcdn.net/v/t42.1790-2/481707634_525972553861355_6646335381637467791_n.mp4?_nc_cat=101&ccb=1-7&_nc_sid=c53f8f&_nc_ohc=WaIvxbfd70IQ7kNvwF_xmpf&_nc_oc=Adn_IRqrwQp0w7o86IvDc2UIZT7IRqa1ED1n7OU1SVaUv1IRFCTnLD_Pm3Vom-oGWsQ&_nc_zt=28&_nc_ht=video-cpt1-1.xx&_nc_gid=IAZlT5Pqxhu0sb0rGy-rFg&oh=00_AfKbpV_9HXKd1DF8h0qiVLiGgNf1bpTfAKhQpV4_KAEZNQ&oe=68228B7B,,,2025-03-01 08:00:00,2025-05-08 07:00:00,"Beyoung is here, Kota! üëó‚ú® Shop the latest trends! üõçÔ∏è","Beyoung now in Kota! ‚ú® Your Only Style Destination
üõçÔ∏è Pyjamas, Polo Tees, Boxers, Shirts & More at Special Prices!",65464,,,,67
www.beyoung.in,https://video-cpt1-1.xx.fbcdn.net/v/t42.1790-2/482323271_643420314742828_3533085247784685523_n.?_nc_cat=105&ccb=1-7&_nc_sid=c53f8f&_nc_ohc=_xZMWbakOeMQ7kNvwFbytyM&_nc_oc=AdmswwzSuySv9E0ltKCjGlLZ4NAHoucX0NrOKkIe8I836rD3ZazqDYoHNRBuzXjeqJA&_nc_zt=28&_nc_ht=video-cpt1-1.xx&_nc_gid=IAZlT5Pqxhu0sb0rGy-rFg&oh=00_AfKQ6HLwCtwbaDP1f6AnRCqDsnL6bYzcUf_5nGzcV5bczA&oe=68229A60,https://scontent-cpt1-1.xx.fbcdn.net/v/t39.35426-6/481250271_1662232571037609_66937074826421045_n.jpg?_nc_cat=102&ccb=1-7&_nc_sid=c53f8f&_nc_ohc=GY3v7MxQMjcQ7kNvwFWEcrs&_nc_oc=AdktWjXXeJR993Oe6UpGpDriKmI5qtFYKqKBZcn55GGpf26RgYjlsmQpglErjA3w5hg&_nc_zt=14&_nc_ht=scontent-cpt1-1.xx&_nc_gid=IAZlT5Pqxhu0sb0rGy-rFg&oh=00_AfLDWcZG2bVr6b-wH89UDNasheqw2cvyT5BatJpahzOxpQ&oe=68228CF0,https://video-cpt1-1.xx.fbcdn.net/v/t42.1790-2/482172230_977513254328822_5866742166146268718_n.mp4?_nc_cat=103&ccb=1-7&_nc_sid=c53f8f&_nc_ohc=nhaVgbM6mGsQ7kNvwHcZxwA&_nc_oc=AdlA6z-HMKdM6RKTX7SRrlbdDmo7AjHcsAM1w-EApWg4le17FAMH-aZNaPk9kfUlXM0&_nc_zt=28&_nc_ht=video-cpt1-1.xx&_nc_gid=IAZlT5Pqxhu0sb0rGy-rFg&oh=00_AfI-kD2ePzNLua90OVTwE0rUB5nVzRkAuv43zWsNeXDafA&oe=6822A669,,,2025-03-01 08:00:00,2025-05-07 07:00:00,Lucknow - Beyoung is now in town!,"BIG NEWS, LUCKNOW! üéâ 
Beyoung is finally here!
Get ready to upgrade your wardrobe with:
‚Ä¢ Stylish Pyjamas
‚Ä¢ Cool Polo Tees
‚Ä¢ Comfy Boxers
‚Ä¢ Trendy Shirts & more at UNBELIEVABLE PRICES! üí∏
Shop now and become the style icon of Lucknow!",65464,https://www.beyoung.in/?utm_source={{ad.name}},Shop now,SHOP_NOW,66
www.beyoung.in,https://video-cpt1-1.xx.fbcdn.net/v/t42.1790-2/481825387_2151465645288163_9146101955850784176_n.?_nc_cat=103&ccb=1-7&_nc_sid=c53f8f&_nc_ohc=NCN5xcEtrL0Q7kNvwHYEoML&_nc_oc=AdnWujlSuGudT_KW2CPVQ_awTN2lqWsmuLaDHUeHPvoM6TLlhwbgN5Oo4ODQYeVR6pY&_nc_zt=28&_nc_ht=video-cpt1-1.xx&_nc_gid=IAZlT5Pqxhu0sb0rGy-rFg&oh=00_AfKgXQcH57zBqu8elH2AHka7FpJ4l5Yakk3wgZHGuLIHEw&oe=682297A3,https://scontent-cpt1-1.xx.fbcdn.net/v/t39.35426-6/481074557_2408150139523196_5571928338338856016_n.jpg?_nc_cat=104&ccb=1-7&_nc_sid=c53f8f&_nc_ohc=WN5QQ4KX2wcQ7kNvwFKBqZv&_nc_oc=Adk38YTznCw9NlzcKLcyOrtWZhXmZADZ552LgYbTD3w5pgLX8AfRlc_My2PIhPsu658&_nc_zt=14&_nc_ht=scontent-cpt1-1.xx&_nc_gid=IAZlT5Pqxhu0sb0rGy-rFg&oh=00_AfJ0tQudeXUTVpDsGiPDnIfEtA8Khacig-UIDOzEOsOubg&oe=6822ABE9,https://video-cpt1-1.xx.fbcdn.net/v/t42.1790-2/481968706_937597478364080_2181018102603800881_n.mp4?_nc_cat=111&ccb=1-7&_nc_sid=c53f8f&_nc_ohc=BhPAAeM9FhYQ7kNvwFToFyw&_nc_oc=AdmCZ3rjC7gvVPfxdB0tsPC_8X_f1BUleUeTUUVwoMKxDgfanARvabbMnmO_OwvzKZc&_nc_zt=28&_nc_ht=video-cpt1-1.xx&_nc_gid=IAZlT5Pqxhu0sb0rGy-rFg&oh=00_AfIk21yyZOdwMsgXNoPPjRl2CAVCyiiReMIa3RwdtxhZpg&oe=68227932,,,2025-03-01 08:00:00,2025-05-07 07:00:00,"Hey Bhilwara, Beyoung is Now in Town!","Bhilwara, get ready! ‚ú®
Beyoung is now in town!
Unlock special prices on:
‚Ä¢ Pyjamas ‚Ä¢ Polo Tees ‚Ä¢ Boxers ‚Ä¢ Shirts & more!
Shop Now and upgrade your style game!",65464,https://www.beyoung.in/,Shop now,SHOP_NOW,66
,https://video-cpt1-1.xx.fbcdn.net/v/t42.1790-2/481810263_2694426560767181_3730289252158130425_n.?_nc_cat=103&ccb=1-7&_nc_sid=c53f8f&_nc_ohc=HUaG0dOn5iQQ7kNvwE-dd4W&_nc_oc=AdlX9bNmGltJO4HRnzlUSpiqSqYLBs2lHlaeullcOtABJyM6CpbCIuAQFkKP790_JR4&_nc_zt=28&_nc_ht=video-cpt1-1.xx&_nc_gid=IAZlT5Pqxhu0sb0rGy-rFg&oh=00_AfIXtGoyiacFBdKCfwDv9HPPxwOcH1V0bKml6WlyZj2Knw&oe=682294B4,https://scontent-cpt1-1.xx.fbcdn.net/v/t39.35426-6/481101647_638128025381902_4325068492156620477_n.jpg?_nc_cat=106&ccb=1-7&_nc_sid=c53f8f&_nc_ohc=5FsoLfpkJj4Q7kNvwFlNbTw&_nc_oc=AdkD0T4Q6oWj4y64F7YmXNVMMkGpdE8SEGRUbobewA1pqNShU1psSBlSkLxlX1h_-Mk&_nc_zt=14&_nc_ht=scontent-cpt1-1.xx&_nc_gid=IAZlT5Pqxhu0sb0rGy-rFg&oh=00_AfKnRnrjbDLBTzggHH6G2ioCzT7qNXQnh96MO8Ku4IsCIg&oe=6822785B,https://video-cpt1-1.xx.fbcdn.net/v/t42.1790-2/481790783_9378125368912216_4335153472123965156_n.mp4?_nc_cat=102&ccb=1-7&_nc_sid=c53f8f&_nc_ohc=CHvJ8vsj0vYQ7kNvwHc10UM&_nc_oc=AdnavuAxh_xcm0K8Sip4kNUDCdHc8iDpdLHF6XMHelslI0NK7t7kveWmVRzKmmIC7lI&_nc_zt=28&_nc_ht=video-cpt1-1.xx&_nc_gid=IAZlT5Pqxhu0sb0rGy-rFg&oh=00_AfJdSiZbNcQCOEV5eLK0o5mMBVxQ1TKlV5f_8zUHmtZukQ&oe=6822A1EF,,,2025-03-01 08:00:00,2025-05-07 07:00:00,"Beyoung is here, Kota! üëó‚ú® Shop the latest trends! üõçÔ∏è","Ahemdabad, get ready! ‚ú®
Beyoung is now in town!
Unlock special prices on:
‚Ä¢ Pyjamas ‚Ä¢ Polo Tees ‚Ä¢ Boxers ‚Ä¢ Shirts & more!
Shop Now and upgrade your style game!",65464,,,,66
,https://video-cpt1-1.xx.fbcdn.net/v/t42.1790-2/481653349_1995683550923589_1905096409740392239_n.?_nc_cat=101&ccb=1-7&_nc_sid=c53f8f&_nc_ohc=Fp4IbxvC-X8Q7kNvwGFL7D7&_nc_oc=AdkKDVwEAKRPnHhjpd9UimvVDX5QaEeSRiZ-YOKbEiSe5AyXi3Z8ot45KmfNsy9bT58&_nc_zt=28&_nc_ht=video-cpt1-1.xx&_nc_gid=IAZlT5Pqxhu0sb0rGy-rFg&oh=00_AfLJQDiyruTLpnrZW-ZWyHX1UsyP94CpSdDEDmu2U8H2Lg&oe=6822A021,https://scontent-cpt1-1.xx.fbcdn.net/v/t39.35426-6/481301899_2465703687103287_6067501657075912992_n.jpg?_nc_cat=108&ccb=1-7&_nc_sid=c53f8f&_nc_ohc=-FSLwTGuYVkQ7kNvwEqMsuf&_nc_oc=Adm3osl87-TomnzYv6tgiBeAoxw1vJFtMBoCrejJ7vOelRLfOFFN39HB9_7_2at4tXo&_nc_zt=14&_nc_ht=scontent-cpt1-1.xx&_nc_gid=IAZlT5Pqxhu0sb0rGy-rFg&oh=00_AfIwP-FJJeQ_AGphbuSyTBxcI8DAWtIBdmn_PVo4aOYLgA&oe=6822A02A,https://video-cpt1-1.xx.fbcdn.net/v/t42.1790-2/482404984_28560630680219105_3839294777422731152_n.mp4?_nc_cat=107&ccb=1-7&_nc_sid=c53f8f&_nc_ohc=iG4OIzWQYp8Q7kNvwHUw12X&_nc_oc=AdlfdgKioJqW56zvZu2TQPUnJNHE-LK5q1ZfN5z6oYmvL6zeyZ99mQ3WiJmHtMt4rUA&_nc_zt=28&_nc_ht=video-cpt1-1.xx&_nc_gid=IAZlT5Pqxhu0sb0rGy-rFg&oh=00_AfIZor8D_BzSiPfxxGIYUN0h3VdKguTjWfbrcrSd41PXpw&oe=6822884A,,,2025-03-01 08:00:00,2025-05-08 07:00:00,"Beyoung is here, Kota! üëó‚ú® Shop the latest trends! üõçÔ∏è","Ahemdabad, get ready! ‚ú®
Beyoung is now in town!
Unlock special prices on:
‚Ä¢ Pyjamas ‚Ä¢ Polo Tees ‚Ä¢ Boxers ‚Ä¢ Shirts & more!
Shop Now and upgrade your style game!",65464,,,,67
play.google.com,https://video-cpt1-1.xx.fbcdn.net/v/t42.1790-2/481777216_9679019585464522_8023305091326747961_n.?_nc_cat=102&ccb=1-7&_nc_sid=c53f8f&_nc_ohc=9uxL4LXCzTQQ7kNvwE1RWC9&_nc_oc=AdknTm-mkDork4v49D5hOZWF4teBVZQ1qeMUIww-lIEBSJF7v8tIBUbzeCphZq8pJDw&_nc_zt=28&_nc_ht=video-cpt1-1.xx&_nc_gid=IAZlT5Pqxhu0sb0rGy-rFg&oh=00_AfLzW-wP5J01vB8jc-75DVA_FOpaE2IYHO70LpjmQDTrwQ&oe=6822779D,https://scontent-cpt1-1.xx.fbcdn.net/v/t39.35426-6/481222003_1286644339298330_2233311690598471206_n.jpg?_nc_cat=102&ccb=1-7&_nc_sid=c53f8f&_nc_ohc=gvr8lNcVZYMQ7kNvwFeZ4ns&_nc_oc=AdlGxslB-FRpvxAYv6DH0Ay3IOw2tt7ge2Rt_x5YO0lq2a1xjRkMIWymTuyiUHWB8_k&_nc_zt=14&_nc_ht=scontent-cpt1-1.xx&_nc_gid=IAZlT5Pqxhu0sb0rGy-rFg&oh=00_AfJb6S3RK_vbtqJE_DMDmui79NM9EGKeMathSR5ijHaXvQ&oe=68229897,https://video-cpt1-1.xx.fbcdn.net/v/t42.1790-2/476086806_936462511966299_7470269289779916748_n.mp4?_nc_cat=103&ccb=1-7&_nc_sid=c53f8f&_nc_ohc=HeUfWBvPNA8Q7kNvwHdDDsC&_nc_oc=AdnycQvblLQuyAh9LeO7vScavGVjhf-6waBiaiUKqib81-UbzQIj7Op_WOzlcnNSMjk&_nc_zt=28&_nc_ht=video-cpt1-1.xx&_nc_gid=IAZlT5Pqxhu0sb0rGy-rFg&oh=00_AfI_tYtD1eHURV-BDgodTl5CpuMV8cs8wPX3b5ZHncrIFA&oe=68227A02,,,2025-03-02 08:00:00,2025-05-08 07:00:00,,"Comment "" Link "" for instant Dms¬†

.

.

.

.

Premium quality #tshirts
#Shirts #shoes #sweatshirt
#sneakers
#pants
#trousers
#men
#mensstyle
.

#meesho #meeshofinds #hoodies #sweatshirt #sweater #winter #trending #meeshohaul #meeshofashion #meeshoshopping #meeshoproducts #polotshirt #polo #tshirt #explore #shopping #oldmoneyaestheticoutfits #oldmoney #oldmoneystyle #oldmoneyfashion",0,http://play.google.com/store/apps/details?id=com.meesho.supply,Shop now,SHOP_NOW,66
play.google.com,https://video-cpt1-1.xx.fbcdn.net/v/t42.1790-2/481167137_1637306506913861_4410132467645365781_n.?_nc_cat=109&ccb=1-7&_nc_sid=c53f8f&_nc_ohc=OWiQRLShM-wQ7kNvwED-CeA&_nc_oc=AdnwrKxIPf3IF4UmxPZ7WQYWowJZYv1otYIYZKz7i4SH5tUs0luvJxvXo8CJiv9NhEo&_nc_zt=28&_nc_ht=video-cpt1-1.xx&_nc_gid=IAZlT5Pqxhu0sb0rGy-rFg&oh=00_AfJT2wkBW0wKOdfclcAKZo3ay3OBVovNQyVxwVwojYB18g&oe=6822930D,https://scontent-cpt1-1.xx.fbcdn.net/v/t39.35426-6/481482071_1320706599136502_7385171475915797872_n.jpg?_nc_cat=102&ccb=1-7&_nc_sid=c53f8f&_nc_ohc=aV-tAjN07mIQ7kNvwFt7afj&_nc_oc=AdnGBkniC4k2WIsOJaRCcaHmGHahyNiHN4b-DLDcz1yaPr5gxiudzP7QpYIvaHe30lY&_nc_zt=14&_nc_ht=scontent-cpt1-1.xx&_nc_gid=IAZlT5Pqxhu0sb0rGy-rFg&oh=00_AfIiCD10DydWkf-Pe0fHffLMK62qgc1Q8C7WppKvMKpBAQ&oe=6822AB49,https://video-cpt1-1.xx.fbcdn.net/v/t42.1790-2/481778714_9372142686206400_6626836221435811415_n.mp4?_nc_cat=108&ccb=1-7&_nc_sid=c53f8f&_nc_ohc=poPlI4PWqx0Q7kNvwHwjmn5&_nc_oc=Adkgy_JNjNy25hKaPzeNqoURINL54BzUY9sVovgSPv8X6lHT7h74d1ahY-sLDbQ69pI&_nc_zt=28&_nc_ht=video-cpt1-1.xx&_nc_gid=IAZlT5Pqxhu0sb0rGy-rFg&oh=00_AfLjjoyY-UBLewKciYpSizNxNrS4P5eIBa6DyiEngLzdcw&oe=6822930F,,,2025-02-28 08:00:00,2025-05-07 07:00:00,,"Comment "" Link "" for instant Dms¬†

.

.

.

.
Premium Quality #shirtdesign
#shirts
#shacket
#denim #upperwear #oldmoney #outfitoftheday #flipkart

.

.

#meesho #meeshofinds #hoodies #sweatshirt #sweater #winter #trending #meeshohaul #meeshofashion#ceofashionn #ceo #meeshoshopping #meeshoproducts #polotshirt #polo #tshirt #explore #shopping #oldmoneyaestheticoutfits #oldmoney #oldmoneystyle CEO , ceo , ceo fashion",0,http://play.google.com/store/apps/details?id=com.meesho.supply,Download,DOWNLOAD,67
play.google.com,https://video-cpt1-1.xx.fbcdn.net/v/t42.1790-2/481890468_1905605876880036_5715861214923975526_n.?_nc_cat=105&ccb=1-7&_nc_sid=c53f8f&_nc_ohc=drGtGZFTiIAQ7kNvwHHz-x7&_nc_oc=Adn8aBbSQsj5UA3IPYBWLnyFw3rroIZtihOlM_PPl0gm0h9g8zeMynF2pTA2KZ2KCjM&_nc_zt=28&_nc_ht=video-cpt1-1.xx&_nc_gid=IAZlT5Pqxhu0sb0rGy-rFg&oh=00_AfJ9siHIVlyf3kJ8LD_rMcF4Px-NSHOm8SgUVJzUnF1AkA&oe=682295D1,https://scontent-cpt1-1.xx.fbcdn.net/v/t39.35426-6/481249469_1780037326181914_8649169541886958898_n.jpg?_nc_cat=102&ccb=1-7&_nc_sid=c53f8f&_nc_ohc=iooS3cTe8eMQ7kNvwF2NRZ3&_nc_oc=AdmR1cDHuhQo90zGLSVhGJFbEsstAzVAX3T3UZPsCyxK4u_HiDabZ2qFG_ggictneZ8&_nc_zt=14&_nc_ht=scontent-cpt1-1.xx&_nc_gid=IAZlT5Pqxhu0sb0rGy-rFg&oh=00_AfL5SgksZl2RT7XM062UG14zfbQfmfKjWyKyCwMjFavecQ&oe=6822A785,https://video-cpt1-1.xx.fbcdn.net/v/t42.1790-2/482218386_614913204636185_7255879933492998989_n.mp4?_nc_cat=105&ccb=1-7&_nc_sid=c53f8f&_nc_ohc=74EJ6kcOk6oQ7kNvwHJh_WD&_nc_oc=AdlEAK8ro-JXT1XfCmQzoP1FaUARzj451waZB2Xfbjrv8QiuMOTDCV6B0vj6ARJdVuA&_nc_zt=28&_nc_ht=video-cpt1-1.xx&_nc_gid=IAZlT5Pqxhu0sb0rGy-rFg&oh=00_AfJ4pC40qBBS-hkmER1W-G-emuNvpFP90uH75zcq_kh-ZQ&oe=68229642,,,2025-02-27 08:00:00,2025-05-07 07:00:00,,"Comment "" Link "" for instant Dms¬†

.

.

.

.

Premium Quality old money #tshirt #pants
#trousers
#Shirts #shoes
.

.

.

‡•§

#meesho #meeshofinds #hoodies #sweatshirt #sweater #winter #trending #meeshohaul #meeshofashion#ceofashionn #ceo #meeshoshopping #meeshoproducts #polotshirt #polo #tshirt #explore #shopping #oldmoneyaestheticoutfits #oldmoney #oldmoneystyle CEO , ceo , ceo fashion ,",0,http://play.google.com/store/apps/details?id=com.meesho.supply,Download,DOWNLOAD,68
www.snitch.com,https://video.frba4-1.fna.fbcdn.net/v/t42.1790-2/481218041_2682732245251834_4342202711607123531_n.?_nc_cat=109&ccb=1-7&_nc_sid=c53f8f&_nc_ohc=RgYIUBQYOc0Q7kNvwGW6Uo_&_nc_oc=AdnlvQCI0rgTkWDOYh69rGT6kovg0Rhy-EIg8Gd0PQiZhpoeR8vysEkLFdkEdvhBiPk&_nc_zt=28&_nc_ht=video.frba4-1.fna&_nc_gid=JKoPWiOLWYR0S6Cg-jpevA&oh=00_AfKHvk-tM0OL4MDzJU2ENlvXw7xrvDvisniemd1NaGsfOA&oe=68227E6F,https://scontent.frba4-2.fna.fbcdn.net/v/t39.35426-6/481132222_2048525162311094_4146227400803027144_n.jpg?_nc_cat=108&ccb=1-7&_nc_sid=c53f8f&_nc_ohc=IrvOtj2y_EEQ7kNvwGbKR7f&_nc_oc=AdnDeJCJWen6PUQfHfMqRBEN6qCK0fahg_XznVTPkpxT0eiGPn4soTDxwri7arbghYY&_nc_zt=14&_nc_ht=scontent.frba4-2.fna&_nc_gid=JKoPWiOLWYR0S6Cg-jpevA&oh=00_AfKHiwqhgkODC403Ufnc2-p4YAme3Rlxg-WtcvRvjn-i6A&oe=68228C65,https://video.frba4-3.fna.fbcdn.net/v/t42.1790-2/481047020_1025502309398193_1821833996119170902_n.mp4?_nc_cat=100&ccb=1-7&_nc_sid=c53f8f&_nc_ohc=Q2r0Orq8kjEQ7kNvwHYU4A1&_nc_oc=AdmvHFBUbOQDQsubgODqW-9K8VW7ssnakj1wyE0imu0F8IITx-eQzqFq2KrO76wzuNQ&_nc_zt=28&_nc_ht=video.frba4-3.fna&_nc_gid=JKoPWiOLWYR0S6Cg-jpevA&oh=00_AfKzt8lKkx1UKTCcxIy9G2dFLmPVa7YzpsT1-0Dalkq99w&oe=6822A4D3,,,2025-02-24 08:00:00,2025-05-08 07:00:00,Old Money Polo T-shirts,"Snitch Polo Tees ‚Äì Class Meets Comfort! üî•üëï

Not just a T-shirt. Not just a shirt. The perfect blend of sharp & casual. Whether you're bossing up at brunch or keeping it cool on a night out, Snitch Polo Tees got your back. üòé

‚úÖ Premium Fabric ‚Äì Soft, breathable & all-day comfy.
üëï Perfect Fit ‚Äì Tailored to elevate your look.
üî• Versatile Style ‚Äì Wear it up or down, always on point.

One polo, endless possibilities. Upgrade your wardrobe today! üöÄüëá #SnitchPoloPerfection",100988,https://www.snitch.com/men-t-shirts/buy,Shop now,SHOP_NOW,72
api.whatsapp.com,https://video.frba4-3.fna.fbcdn.net/v/t42.1790-2/481816437_1317974872808455_8505297449448866623_n.?_nc_cat=101&ccb=1-7&_nc_sid=c53f8f&_nc_ohc=OrDpGLSQoboQ7kNvwHZXLJz&_nc_oc=AdnYLX0FloYYE9qakyru8oMqxmweiXEpV6XjnLaFA77UZzcs6Nzpu0ftnRa8v1Euuqk&_nc_zt=28&_nc_ht=video.frba4-3.fna&_nc_gid=JKoPWiOLWYR0S6Cg-jpevA&oh=00_AfJGgsYKX15U6HH5E64lbEzb4peds5qexNf-GsW9HnaEAw&oe=6822855F,https://scontent.frba4-3.fna.fbcdn.net/v/t39.35426-6/480567201_1352949918990101_8534792917047114230_n.jpg?_nc_cat=101&ccb=1-7&_nc_sid=c53f8f&_nc_ohc=u3klCOseRtYQ7kNvwFQHDZR&_nc_oc=AdmQ4ZFSh2Pe9xRr4paGgWRuQuoar9lsAJeGVVGVSkFNhMTL6-fZs65kNsTwSbnqzNE&_nc_zt=14&_nc_ht=scontent.frba4-3.fna&_nc_gid=JKoPWiOLWYR0S6Cg-jpevA&oh=00_AfJ0WjMvDEDhf2-HGNpp7d7tPxnegEzqRbZxghL0tfMCxA&oe=68228252,https://video.frba4-1.fna.fbcdn.net/v/t42.1790-2/481557442_643857274726937_1231925999919228852_n.mp4?_nc_cat=111&ccb=1-7&_nc_sid=c53f8f&_nc_ohc=ZxtLQOvrXTMQ7kNvwGnbXoU&_nc_oc=AdknRbRWSuib5g1lkYDGhx6BGsWJIXAwSkM5b3OUQbqjjeajzHK96AOl5sYuoR9uLzk&_nc_zt=28&_nc_ht=video.frba4-1.fna&_nc_gid=JKoPWiOLWYR0S6Cg-jpevA&oh=00_AfLEG3S7x_tIKAi7OmJcts3ud0tNIwsJ_PbSEG0WSK5_uQ&oe=6822872B,,,2025-02-23 08:00:00,2025-05-08 07:00:00,Chat with us,,195,https://api.whatsapp.com/send,Send WhatsApp message,WHATSAPP_MESSAGE,73
www.instagram.com,https://video.frak2-1.fna.fbcdn.net/v/t42.1790-2/481294555_9766702900008845_5752869559370388031_n.?_nc_cat=103&ccb=1-7&_nc_sid=c53f8f&_nc_ohc=DPm0cvDEvTgQ7kNvwHgDrxI&_nc_oc=AdltP8-LroMFdVgcSwazJ19J3LJm1eLAWa8YdUtsovxj9qsX3hig0yTjOh1s3pXUvfg&_nc_zt=28&_nc_ht=video.frak2-1.fna&_nc_gid=LprwyLftYFhqFnnpHQvtOA&oh=00_AfJngf0Qyr0r_ZfnYe39qT2kY1LzHvCTO4Kpw567Xo1SJw&oe=68227921,https://scontent.frak2-1.fna.fbcdn.net/v/t39.35426-6/480733658_2087812785005552_8798253501000158478_n.jpg?_nc_cat=103&ccb=1-7&_nc_sid=c53f8f&_nc_ohc=Oas6z-yc7R8Q7kNvwFClDi6&_nc_oc=AdlsGsgpuCvDVyy5I5hWUEEnXMoUhA6cuWv4gOe1umVoNG20CWZGuOW-F18ijgGz1l0&_nc_zt=14&_nc_ht=scontent.frak2-1.fna&_nc_gid=LprwyLftYFhqFnnpHQvtOA&oh=00_AfJGTyXjdOCWBnP_Qmf4mOmdNXymolYHTLg3_mV9VOiPGw&oe=6822ABA7,https://video.frak2-1.fna.fbcdn.net/v/t42.1790-2/481708411_3955907011323924_4085706436156960001_n.mp4?_nc_cat=110&ccb=1-7&_nc_sid=c53f8f&_nc_ohc=7mAci34WmSoQ7kNvwFclegZ&_nc_oc=AdkBi6kW023bz3gxMVVOLsU3KcVFqzZZV4dD1qMKeiqeHPNfWIKqZllUuu_L7eOarxk&_nc_zt=28&_nc_ht=video.frak2-1.fna&_nc_gid=LprwyLftYFhqFnnpHQvtOA&oh=00_AfJKOJIZbq_n9K9gjm_jGPrqVsXiEpeQw7EsS_SYUwUNJg&oe=6822AC8B,,,2025-02-23 08:00:00,2025-03-15 07:00:00,,"Bright polo shirts, iconic players, and a love for the game‚Äîthis is the spirit of polo. 

@Hope_Arellano @kitanalajolie @mphill222 @hazel8jackson 
#USPoloAssn #BorntoPlay",3136679,https://www.instagram.com/uspoloassn/,Shop now,SHOP_NOW,19
play.google.com,https://video.frak2-1.fna.fbcdn.net/v/t42.1790-2/475475149_1530533410832797_2831019291095797287_n.?_nc_cat=103&ccb=1-7&_nc_sid=c53f8f&_nc_ohc=pFhbEwMpLWYQ7kNvwEWVQOj&_nc_oc=AdnrrvGk_sSrtRr3fLqBoMdYprParSDTRINwqtUMkR_SA4BwWFhGmXIFbZiN5cCDRpI&_nc_zt=28&_nc_ht=video.frak2-1.fna&_nc_gid=LprwyLftYFhqFnnpHQvtOA&oh=00_AfLWCIN1s4u8c7dTqh6X1Fkkl1PZ7uIzKQirG8gvS00zUQ&oe=682282B9,https://scontent.frak2-2.fna.fbcdn.net/v/t39.35426-6/475825816_1413773682921832_5676360845244514549_n.jpg?_nc_cat=104&ccb=1-7&_nc_sid=c53f8f&_nc_ohc=MNfcI3YsdIoQ7kNvwGh1Ixo&_nc_oc=AdlpQ9TmTyRD_ij_-2NGxcNr-bRxCyVodfUEk0CwmxJHC4ec57zYrhzyQYHgMUnsuNw&_nc_zt=14&_nc_ht=scontent.frak2-2.fna&_nc_gid=LprwyLftYFhqFnnpHQvtOA&oh=00_AfIhYg7vcGOghTs6EUGnWsUp0UqgUwZr0tHacXy4sYs5xQ&oe=682276A2,https://video.frak2-1.fna.fbcdn.net/v/t42.1790-2/476086806_936462511966299_7470269289779916748_n.mp4?_nc_cat=103&ccb=1-7&_nc_sid=c53f8f&_nc_ohc=HeUfWBvPNA8Q7kNvwFDzuUV&_nc_oc=AdlOFSjVXo7Qgo5ZtHD8-7hcvACAAa5afrHAgt_oegllfsooxiT17-orFJIhWSq2rgo&_nc_zt=28&_nc_ht=video.frak2-1.fna&_nc_gid=LprwyLftYFhqFnnpHQvtOA&oh=00_AfIaEcIBL_gMasOKOVXCEeaTODv7eJMD6BNLkgEdrVauGA&oe=68227A02,,,2025-02-21 08:00:00,2025-05-08 07:00:00,,"Comment "" Link "" for instant Dms¬†

.

.

.

.

Premium quality #tshirts
#Shirts #shoes #sweatshirt
#sneakers
#pants
#trousers
#men
#mensstyle
.

#meesho #meeshofinds #hoodies #sweatshirt #sweater #winter #trending #meeshohaul #meeshofashion #meeshoshopping #meeshoproducts #polotshirt #polo #tshirt #explore #shopping #oldmoneyaestheticoutfits #oldmoney #oldmoneystyle #oldmoneyfashion",0,http://play.google.com/store/apps/details?id=com.meesho.supply,Download,DOWNLOAD,75
play.google.com,https://video.frak1-2.fna.fbcdn.net/v/t42.1790-2/477496850_9148160125301862_1790560724253430433_n.?_nc_cat=109&ccb=1-7&_nc_sid=c53f8f&_nc_ohc=pRDthOAbgcIQ7kNvwEWHEIW&_nc_oc=AdnPHcnV8OnOaskQr2XjzgdkY9orJMRcgohcAVrKRLlHfEbLbbUTaRkaNBY_N9w56Mo&_nc_zt=28&_nc_ht=video.frak1-2.fna&_nc_gid=LprwyLftYFhqFnnpHQvtOA&oh=00_AfKhybxs5zYgaAa2N8vFgwumxTQ5mTuNxF57JMIJfHG9cA&oe=682294D7,https://scontent.frak1-2.fna.fbcdn.net/v/t39.35426-6/479691790_1087091456501778_8697056686875905228_n.jpg?_nc_cat=109&ccb=1-7&_nc_sid=c53f8f&_nc_ohc=ATg0vVezhpQQ7kNvwGiRxeO&_nc_oc=Adm3FddmlEOYcL5CoGOKI-EacY3uvR_noIvPC3UQM0D7fa3pZKHCdqdElts_P8i8c9E&_nc_zt=14&_nc_ht=scontent.frak1-2.fna&_nc_gid=LprwyLftYFhqFnnpHQvtOA&oh=00_AfIJVeIvRDfv8BDWfYLo3Xb-yOW_zC0czfF9yiNWbFkaMw&oe=68228F9C,https://video.frak2-1.fna.fbcdn.net/v/t42.1790-2/476086806_936462511966299_7470269289779916748_n.mp4?_nc_cat=103&ccb=1-7&_nc_sid=c53f8f&_nc_ohc=HeUfWBvPNA8Q7kNvwFDzuUV&_nc_oc=AdlOFSjVXo7Qgo5ZtHD8-7hcvACAAa5afrHAgt_oegllfsooxiT17-orFJIhWSq2rgo&_nc_zt=28&_nc_ht=video.frak2-1.fna&_nc_gid=LprwyLftYFhqFnnpHQvtOA&oh=00_AfIaEcIBL_gMasOKOVXCEeaTODv7eJMD6BNLkgEdrVauGA&oe=68227A02,,,2025-02-20 08:00:00,2025-05-07 07:00:00,,"Comment "" Link "" for instant Dms¬†

.

.

.

.

Premium quality #tshirts
#Shirts #shoes #sweatshirt
#sneakers
#pants
#trousers
#men
#mensstyle
.

#meesho #meeshofinds #hoodies #sweatshirt #sweater #winter #trending #meeshohaul #meeshofashion #meeshoshopping #meeshoproducts #polotshirt #polo #tshirt #explore #shopping #oldmoneyaestheticoutfits #oldmoney #oldmoneystyle #oldmoneyfashion",0,http://play.google.com/store/apps/details?id=com.meesho.supply,Shop now,SHOP_NOW,75
maxzoneclothing.com,https://video-dfw5-2.xx.fbcdn.net/v/t42.1790-2/471488368_560053413679466_9208307061147998046_n.?_nc_cat=100&ccb=1-7&_nc_sid=c53f8f&_nc_ohc=3WEa0_gvxg4Q7kNvwHraadi&_nc_oc=AdkdZIVYbobWpcP559v3hDhL2u5xs0oyy2z57s1h8CRk2q45IFU67mvA8UT1tBJ0UUF0c1Rr0FwOqevlZlXbk2oj&_nc_zt=28&_nc_ht=video-dfw5-2.xx&_nc_gid=vKCDrxUyUC3Rq0LwcLwE-g&oh=00_AfIKEoZZd39MXdbhXOjhDS3frgUnX0sesaE3br8ckbKoig&oe=68227AA2,https://scontent-dfw5-2.xx.fbcdn.net/v/t39.35426-6/471230523_2343652895986661_1308595909801303171_n.jpg?_nc_cat=107&ccb=1-7&_nc_sid=c53f8f&_nc_ohc=-ST9humVc5EQ7kNvwE_GsPc&_nc_oc=AdlzBxUIzt8EsIN2VhhyM0o1eAd9cGxc1ocSNUCa0dJAu9raUWKVUVKHfztSO_QQ9WDdYYXpDTi9Se9NN0cQOBWU&_nc_zt=14&_nc_ht=scontent-dfw5-2.xx&_nc_gid=vKCDrxUyUC3Rq0LwcLwE-g&oh=00_AfJgvpH976dPlHF5SVYpEiyBMbzY7zpsAVeI-3XKviioEg&oe=6822970D,https://video-dfw5-1.xx.fbcdn.net/v/t42.1790-2/471809810_1121548319378842_6984632446497776754_n.mp4?_nc_cat=105&ccb=1-7&_nc_sid=c53f8f&_nc_ohc=WMN4JdhzzpQQ7kNvwEhoWPZ&_nc_oc=Admls69bW9ZkOILyy2Y815k5GqSRnPnrW8OGEwyJc4jCeGmTzfxmtgG2hTTgJ6HX12V8Y1KNXjpUnz9vNEPb7RgM&_nc_zt=28&_nc_ht=video-dfw5-1.xx&_nc_gid=vKCDrxUyUC3Rq0LwcLwE-g&oh=00_AfJ_nTFLqW289kW2uX7eqPRq6F7num81ien1tMpGFvdu2Q&oe=68227DB7,,,2025-03-08 08:00:00,2025-05-06 07:00:00,,"Aesthetically fine old money polos 

Price :  1199/- 
Fabric : British knit 
Maxzoneclothing.com 

#maxzone #maxzoneclothing #productreview #mansfashion #tshirtbrand",126587,https://maxzoneclothing.com/collections/smart-tech-pocket-polo,Shop now,SHOP_NOW,58
